ticker,shortName,sector,industry,currency,country,marketCap,enterpriseValue,trailingPE,forwardPE,pegRatio,priceToBook,priceToSalesTrailing12Months,enterpriseToEbitda,enterpriseToRevenue,returnOnEquity,returnOnAssets,profitMargins,operatingMargins,grossMargins,ebitdaMargins,debtToEquity,currentRatio,quickRatio,totalDebt,totalCash,ebitda,freeCashflow,operatingCashflow,dividendYield,payoutRatio,fiveYearAvgDividendYield,revenueGrowth,earningsGrowth,earningsQuarterlyGrowth,beta,trailingEps,forwardEps,bookValue,targetMeanPrice,recommendationMean,numberOfAnalystOpinions,sharesOutstanding,floatShares,heldPercentInsiders,roic,net_debt_to_ebitda,fcf_calc,revenue_cagr_3y,share_count_change,price,sma20,sma50,sma200,px_vs_sma50,px_vs_sma200,golden_cross,rsi14,macd_hist,macd_bullish,adx14,atr_pct,bb_position,high_52w,low_52w,pct_from_52w_high,pos_in_52w_range,mom_1m,mom_3m,mom_6m,mom_12m,volatility_ann,max_drawdown_1y,volume_trend,trend_up,mom_12_1,market,fcf_yield,earnings_yield,analyst_upside,score_value,score_quality,score_momentum,score_health,data_coverage,score_total,rank,flags,updated_at
INVE-B.ST,Investor AB ser. B,Financial Services,Asset Management,SEK,Sweden,,1349265522688.0,4.6686115,,5.08,1.1287975,,4.961,4.113,27.254,15.065999999999999,80.067,88.697,89.444,82.917,11.589,2.236,1.654,125865000960.0,20027000832.0,271980494848.0,166005374976.0,23918000128.0,1.38,6.36,1.75,117.0,158.9,1.589,0.78,85.7,,354.448,391.5,,4.0,,2441510949.0,0.00252,,,,,0.009066900393994715,400.1000061035156,405.4225021362305,410.3810009765625,374.7362237548828,-2.5052316867939184,6.768436233488706,True,38.43729646957625,-0.15280633498047702,False,14.79981262987017,1.360598263630446,14.376755055729904,424.04998779296875,289.5699157714844,-5.647914722060099,82.19068347492637,-1.550193869976646,-0.9040232560951988,11.195438082636322,39.61860056774036,16.54606779196067,-10.536065946995077,1.0449679524973692,False,41.168794437717004,Nordics,,21.41964479160453,-2.149464127048928,61.9,84.6,50.9,65.4,100.0,66.5,1.0,,2026-10-01T18:13:51.058049+00:00
RIO.L,RIO TINTO PLC ORD 10P,Basic Materials,Other Industrial Metals & Mining,GBp,United Kingdom,113097039872.0,134999539712.0,12.484739,11.211621,5.63,2.3067162,1.8302565,5.892,2.185,19.312,8.106,19.584998000000002,28.049000000000003,29.751,37.077,31.872,1.424,0.926,22851999744.0,9507000320.0,22911000576.0,3595500032.0,19081000960.0,4.91,54.879999999999995,7.27,15.5,46.9,0.472,0.664,5.57,6.2024927,30.146751,7757.214,2.42857,21.0,1254609242.0,1431923350.0,0.14692001,14.636308904599717,0.723121789849395,4497000000.0,1.2351170642700415,0.07550493668098124,6954.0,7273.15,7316.769697265625,7099.293239746094,-4.958058163306644,-2.0465873832715475,True,33.60429284992124,-33.7083197564298,False,16.18057235052263,2.5477326541130876,14.297241981711048,8306.2705078125,4870.68603515625,-16.28011640772614,60.63928805781972,-8.222251550745675,-1.6202501391062496,-2.283673910327322,42.23251991029693,27.865525213195646,-21.88252333368722,0.8115080942253671,False,50.454771461042604,UK,3.1791283273808797,8.009778978959833,11.550388265746324,58.1,73.1,51.3,62.9,100.0,61.6,2.0,P/E forward basso | Bilancio solido | Dividendo sostenibile,2026-10-01T18:13:51.058049+00:00
NTGY.MC,"NATURGY ENERGY GROUP, S.A.",Utilities,Utilities - Regulated Gas,EUR,Spain,26883942400.0,40980000768.0,13.373272,13.847402,6.98,2.807391,1.3722599,8.176,2.092,22.853,5.9759997,10.673001,23.679,39.119998,25.583,140.835,1.371,0.998,16526999552.0,4706999808.0,5011999744.0,1768749952.0,4184000000.0,8.24,81.67,6.01,11.5,10.6,0.069,0.458,2.17,2.0957,10.337,30.68176,2.47059,17.0,926393571.0,258549251.0,0.45613,13.443714075196155,2.2352516687714235,2376000000.0,-16.951229862297936,-3.574415773429851,29.020000457763672,29.335999965667725,29.28080005645752,26.89148591995239,-0.8906846745682762,7.915198677184332,True,46.22863554804835,-0.06864907620209575,False,11.13956061535098,1.6095485689951297,22.760192540732916,29.979999542236328,23.4006290435791,-3.2021317516039094,85.40895235085817,-1.9594591764571345,8.785609344608169,13.193587795823225,15.039849275400009,20.15026047900495,-11.328977357526448,0.7149457715423684,False,16.999308451857143,Spagna,6.579206002167301,7.4776015921907515,5.726256085539649,59.2,66.7,61.2,53.3,100.0,61.1,3.0,Buyback in corso,2026-10-01T18:13:51.058049+00:00
ELE.MC,"ENDESA,S.A.",Utilities,Utilities - Regulated Electric,EUR,Spain,41999618048.0,54271213568.0,16.27559,17.3297,3.99,5.196079,1.9880534,9.402,2.569,29.047,6.5040000000000004,12.4350004,18.354,42.691,27.322000000000003,119.733,0.758,0.476,11031000064.0,277000000.0,5772000256.0,1975143936.0,3967000064.0,3.82,19.690001,6.89,3.5000000000000004,67.80000000000001,0.627,0.562,2.54,2.3855,7.956,35.96609,3.56522,23.0,1015955935.0,292800823.0,0.70119005,12.973692058467169,2.0135491155438463,2207000000.0,-13.5552967665596,-1.8653848904887305,41.34000015258789,42.071000289916995,41.80200012207031,36.21691469192505,-1.1052102007877318,14.145560173310656,True,44.29145228918984,-0.15704891332710627,False,12.062798991268066,1.7553127591312496,22.205588095266062,43.720001220703125,26.33662986755371,-5.443735136467042,86.308748632445,0.48614673287956656,9.158487023858374,12.987590482589106,55.77897335256188,20.69105148003488,-7.642480332031454,0.9598792604977041,False,55.29282661968231,Spagna,4.702766424548605,6.144170503189131,-12.99929882136559,49.6,66.2,73.5,51.6,100.0,60.9,4.0,,2026-10-01T18:13:51.058049+00:00
WKL.AS,WOLTERS KLUWER,Industrials,Specialty Business Services,EUR,Netherlands,15268082688.0,19169103872.0,11.733334,11.098589,1.73,16.300167,2.500505,9.845,3.139,146.14100000000002,9.757,21.864,26.871002,74.074996,31.886998,590.213,0.688,0.675,5548000256.0,1494000000.0,1947000064.0,1247874944.0,1692000000.0,3.84,43.04,1.92,-0.6,8.9,0.049,0.189,5.85,6.18457,4.211,89.78125,1.6875,16.0,222437109.0,222642000.0,0.00246,29.189525663005146,1.7949753252579632,1363000000.0,3.9497697696838863,-3.477613685555725,68.63999938964844,68.03400077819825,68.53777244567871,66.44175830841064,0.14915416758072286,3.3085233401469516,True,52.211127739717114,-0.05474198841033076,False,18.248557537635996,3.1871111690241016,62.95870841407453,109.61190795898438,54.85398483276367,-37.37906704868891,25.176291885846496,0.9411755730124094,20.30543370644924,10.399391162729966,-36.68543418644335,38.329559853778186,-67.84642579777056,1.2148417891593302,False,-37.62660975945576,Paesi_Bassi,8.173095270048357,8.522726788481434,30.800190557023612,61.6,82.5,49.9,33.7,100.0,60.8,5.0,FCF yield elevato | P/E forward basso | ROIC forte | Lontano dai massimi | Buyback in corso | Upside analisti,2026-10-01T18:13:51.058049+00:00
BMPS.MI,BANCA MONTE PASCHI SIENA,Financial Services,Banks - Regional,EUR,Italy,34370588672.0,74353287168.0,9.426666,12.683321,0.96,1.3017262,6.116832,,13.232,15.021999999999998,1.6230000000000002,52.342,54.271,0.0,0.0,,,,74527899648.0,38134099968.0,,,761332992.0,7.32,71.849996,5.05,99.5,-47.199999999999996,0.273,0.932,1.2,0.89188,8.69,11.76667,2.0,6.0,3038418183.0,2196654810.0,0.37627998,,,1620924000.0,14.963786864132732,141.18520350915688,11.312000274658203,11.777499961853028,11.730399932861328,9.36012347459793,-3.5667978977513615,20.853109527426582,True,37.83874167344509,-0.04055641410960735,False,14.997140180040368,2.0261413505071983,-17.64453616356104,12.03600025177002,6.327620983123779,-6.01528715492794,87.31689078389644,-0.7196750777884064,1.0000041723251973,69.20295816868969,63.73116543360353,32.31076375049993,-25.486631318722107,0.878912975880793,False,64.45084051139193,Italia,4.716020477474352,10.60820442773723,4.019357446095317,54.3,58.5,71.9,57.2,100.0,60.4,6.0,Dividendo sostenibile,2026-10-01T18:13:51.058049+00:00
NOS.LS,"NOS, SGPS, SA",Communication Services,Telecom Services,EUR,Portugal,2734397696.0,4463458816.0,10.259616,11.980418,1.11,2.654229,1.4684594,6.936,2.397,26.397,5.806,14.421000000000001,19.157,57.724,34.561002,164.375,0.538,0.431,1705019008.0,6122000.0,643560000.0,254894624.0,831723008.0,8.36,86.53999999999999,8.4,0.0,36.4,0.341,0.326,0.52,0.44531,2.01,4.96154,,13.0,512539396.0,159410003.0,0.63547003,11.18506934722943,2.275887824338714,,6.226127432706674,0.07586011031499584,5.335000038146973,5.284800004959107,5.035080013275146,4.816801729202271,5.956608913484551,10.758140734817466,True,56.225589513137926,-0.013933901718998512,False,32.41570397083696,1.934957180750522,55.97594010808532,5.550000190734863,3.3172972202301025,-3.8738764900731137,90.3704095247706,7.647300207774399,7.73424648802028,3.8593054947013483,51.78392789456705,21.5899410642067,-12.915134248133386,1.2636055671218873,True,44.13662768679265,Belgio_Portogallo,9.321783161713137,9.746953492216473,-7.000188106403238,52.3,66.1,68.4,49.9,100.0,60.1,7.0,FCF yield elevato | P/E forward basso | Trend rialzista,2026-10-01T18:13:51.058049+00:00
ITX.MC,,Consumer Cyclical,Apparel Retail,EUR,Spain,165282398208.0,163760291840.0,25.757282,22.421865,3.76,9.256804,4.005681,16.759,3.969,36.824,14.689,15.531998999999999,18.923001,56.538999999999994,23.682,34.713,1.155,0.863,6198000128.0,10398999552.0,9771635712.0,6487897600.0,10439000064.0,1.21,56.69,2.09,9.1,8.0,0.08,0.905,2.06,2.36644,5.732,60.38958,1.70833,24.0,3115009210.0,1109472830.0,0.64349,30.672940539195988,0.07093980077955825,6520000000.0,6.969216956560764,0.05203037165384394,53.060001373291016,53.78300018310547,56.05999992370605,54.14371648788452,-5.351406625932631,-2.001552876105206,True,40.87880814449554,0.13711737964447657,True,28.97475471494926,1.9261419686280614,39.04707273241767,59.099998474121094,45.38943099975586,-10.219961517384624,55.94641059078618,-5.5199403179199695,-5.216145396253902,7.554026343518605,13.586426296620857,24.781095899887713,-14.986185286846476,1.3717582976126428,False,19.106366614540825,Spagna,3.925340913698076,3.882397218774869,13.813755064089573,41.6,68.8,68.0,59.9,100.0,59.1,8.0,ROIC forte | Bilancio solido,2026-10-01T18:13:51.058049+00:00
NOVO-B.CO,Novo Nordisk B A/S,Healthcare,Drug Manufacturers - General,DKK,Denmark,1103895068672.0,1216329547776.0,9.520183,11.438255,4.37,5.0028014,3.3509145,7.003,3.692,59.815,18.729000000000003,35.347,42.540002,81.987,52.72,63.327,0.873,0.642,140126994432.0,44982001664.0,173677002752.0,37673250816.0,131881000960.0,4.62,44.57,1.98,2.1,-20.599999999999998,-0.208,0.344,26.26,21.85648,49.972,307.55826,2.88,23.0,3340708124.0,3173014289.0,0.05272,35.41731591840979,0.6993635091993334,28989000000.0,20.42851902310494,0.048158275984699905,250.0,270.7724983215332,290.01615753173826,289.0976703643799,-13.797906251950476,-13.524035083057239,True,27.18247373300069,-1.3913582735474872,False,33.753000399418774,2.9912213458649894,19.839599182757876,383.0907897949219,220.968017578125,-34.7413180740181,17.907405619151582,-17.12249127848775,-21.151245713104306,9.532063967420633,-27.467266195044527,47.04680521498214,-76.7470733448538,1.1678169903510862,False,-10.344774916556776,Nordics,3.4127565096673007,10.503999765550725,23.02330400000001,57.6,80.6,39.7,49.5,100.0,58.8,9.0,P/E forward basso | ROIC forte | Bilancio solido | Dividendo sostenibile | Ipervenduto | Lontano dai massimi,2026-10-01T18:13:51.058049+00:00
ASML.AS,ASML HOLDING,Technology,Semiconductor Equipment & Materials,EUR,Netherlands,613407719424.0,607733809152.0,62.89878,30.87072,1.12,28.105312,17.363462,45.056,17.203,53.942,16.454000999999998,30.114,37.057,52.73300400000001,38.181,9.092,1.334,0.721,1984400000.0,7581499904.0,13488400384.0,8437675008.0,11486900224.0,49.0,29.520000000000003,0.86,21.3,28.499999999999996,0.274,1.363,25.39,51.73187,56.822,2044.6875,1.40476,32.0,384100000.0,383969406.0,0.0001,85.59603262795035,-0.6792745990135693,,15.551134263329015,-2.000096774918625,1597.0,1491.2600036621093,1490.46640625,1335.7404766845702,7.147668226755766,19.55915298485973,True,65.13829203668735,18.56976110671816,True,13.865698595667784,3.0424039197543262,90.67534168992545,1719.3294677734375,808.6131591796875,-7.1149520825613655,86.56777455074587,10.457874260996757,-1.8101731877253058,43.87311440853176,79.14202702639787,42.62278625103441,-20.771441616949172,0.9764975676384872,True,68.68415276540111,Paesi_Bassi,1.3755410538235673,1.5898559558706862,28.033030682529734,34.0,74.2,63.5,63.1,100.0,57.8,10.0,ROIC forte | Bilancio solido | Dividendo sostenibile | Trend rialzista | Buyback in corso | Upside analisti,2026-10-01T18:13:51.058049+00:00
RR.L,ROLLS-ROYCE HOLDINGS PLC ORD SH,Industrials,Aerospace & Defense,GBp,United Kingdom,121115672576.0,119475445760.0,40.88333,29.659634,2.24,,5.2283907,23.44,5.158,114.48499999999999,7.796,13.114999,21.104,28.802,22.003001,151.735,1.239,0.753,4373000192.0,6483999744.0,5096999936.0,4602500096.0,5117000192.0,82.0,26.19,1.74,20.599999999999998,-63.0,-0.635,1.188,0.36,0.49623,0.343,1722.05,1.6,20.0,8229084595.0,8150486868.0,0.00051,631.7574274457245,-0.21648851210222386,3580000000.0,16.189669115443973,-0.2894720757847691,1471.800048828125,1467.510009765625,1485.7449072265624,1322.312222290039,-0.9385768936922223,11.305032504289825,True,49.203954553930046,0.777412144357986,True,11.99961974822921,2.5417953490649183,54.232378804307245,1570.3399658203125,1028.91552734375,-6.275069038360259,81.79987640205991,0.19060917822497636,-2.150222347382935,21.948709670502442,25.057005399332354,37.07896411722191,-19.394848747118054,0.8776634510178827,False,24.86639622110738,UK,3.8000863126214606,2.4459847081928014,17.00298565495555,37.5,74.1,59.4,62.4,100.0,57.7,11.0,ROIC forte | Bilancio solido | Dividendo sostenibile,2026-10-01T18:13:51.058049+00:00
REP.MC,"REPSOL,  S.A.",Energy,Oil & Gas Integrated,EUR,Spain,31707277312.0,39805337600.0,9.678572,7.87256,0.44,1.3989394,0.583294,5.24,0.732,13.338,6.260000000000001,6.433000399999999,15.276,31.635999999999996,13.974,44.306,1.564,0.989,12785000448.0,8197000192.0,7596000256.0,301375008.0,5756000256.0,3.6799999999999997,34.12,5.61,35.5,494.5,4.367,-0.141,3.08,3.78657,21.309,28.66818,2.3913,22.0,1063645722.0,1089219615.0,0.01881,6.981985035085665,1.7417946927374302,1619000000.0,-9.959244025566194,-4.502964161500945,29.809999465942383,29.510999965667725,27.780800018310547,22.006897163391113,7.30432329628512,35.457530630587385,True,55.56766783329684,-0.09137641196407009,False,24.757536673570574,2.9228116153468418,57.36728435357208,31.540000915527344,13.505586624145508,-5.485102724690383,90.40722131790173,6.274510790561694,35.80864888293676,27.61660990925183,106.61625735124831,33.04244965768294,-20.451803600598375,1.1215500956925497,True,100.34174656068662,Spagna,0.9504916017684717,10.332102711019765,-3.830323671246283,57.3,47.0,74.5,51.5,100.0,57.6,12.0,P/E forward basso | Trend rialzista | Buyback in corso,2026-10-01T18:13:51.058049+00:00
NHY.OL,NORSK HYDRO,Basic Materials,Aluminum,NOK,Norway,156121710592.0,187045888000.0,15.983905,9.569113,0.58,1.5053723,0.7629128,3.57,0.914,9.432,12.68,4.77,27.789,37.054002000000004,25.601998,31.964,1.906,1.162,35726000128.0,19202000896.0,52390998016.0,20491999232.0,18830999552.0,3.63,60.36,4.64,6.4,178.6,1.773,0.697,4.97,8.30171,52.771,93.11765,3.05882,17.0,1965278330.0,1143476110.0,0.34287998,8.21309083156744,0.7685872908695326,11729000000.0,0.0067326142463519645,-0.5785497792000993,79.44000244140625,86.44799995422363,88.78840042114258,91.4252791595459,-10.528850542857915,-13.109368468237525,False,27.552247056778214,-0.56141574536711,False,28.56730497613856,2.660542286230827,10.582811138275241,119.44999694824219,65.36624145507812,-33.49518252744059,26.022159256501677,-13.932827936246373,-9.003436810525178,-20.25219409938721,20.208091807545326,31.4172603969679,-33.49518252744059,0.9271668711807954,False,34.1409197437917,Nordics,13.125656357655904,6.256293440182484,17.21758199678074,66.9,60.8,40.4,60.5,100.0,57.5,13.0,FCF yield elevato | P/E forward basso | Bilancio solido | Ipervenduto | Lontano dai massimi,2026-10-01T18:13:51.058049+00:00
RBI.VI,Raiffeisen Bank Internat. AG,Financial Services,Banks - Regional,EUR,Austria,,18889312256.0,8.172942,9.220388,2.84,0.94153184,,,2.126,12.171999999999999,1.275,27.903998,51.327999999999996,0.0,0.0,,,,35081998336.0,37979000832.0,,,1994000000.0,2.58,22.309999,4.07,1.7999999999999998,,,1.268,7.17,6.35548,62.239,59.675,2.16667,12.0,,127232259.0,0.6117,,,8524000000.0,-1.618476318689832,-0.05282747285093592,58.599998474121094,63.52999973297119,62.257999877929684,48.36835153579712,-5.87555239644848,21.15359861034669,True,37.44692685122322,-0.5421199164674001,False,15.70235363807716,3.4686578085836666,-15.311769314553425,66.5,28.084163665771484,-11.879701542675047,79.43556022795734,-8.793776693974953,3.1690127838700732,60.82943543266306,109.52193379581003,38.90019236221007,-17.983651568771663,1.19249469427791,False,118.31571048978498,Irlanda_Austria,,12.235496104095684,1.8344736414176666,63.4,49.0,73.3,33.5,100.0,57.1,14.0,P/E forward basso,2026-10-01T18:13:51.058049+00:00
CFR.SW,RICHEMONT N,Consumer Cyclical,Luxury Goods,CHF,Switzerland,101743067136.0,101717745664.0,31.18018,21.452942,1.87,4.469522,4.538049,18.981,4.537,14.960999999999999,6.952000399999999,15.540000000000001,19.431,64.389,23.903,55.981,3.098,2.027,13514999808.0,17234999296.0,5359000064.0,2592000000.0,4880000000.0,1.8399999999999999,54.59,1.84,4.2,-27.200000000000003,-0.271,1.072,5.55,8.066493,38.71779,211.67122,1.92308,26.0,534182089.0,534583645.0,0.0058399998,12.751997526297915,0.7970945083014048,3800000000.0,3.9622815422160285,0.0,173.0500030517578,172.39202346801758,180.97426177978517,163.58720325469972,-4.3786661429622615,5.784559922040389,True,46.468780926758484,1.097486779952312,True,20.594920993346683,2.299368162344805,53.73249855896623,195.71646118164062,127.09872436523438,-11.581273232222667,66.96705665106788,-6.333522714461736,-2.9279272917571264,24.070443011476385,17.462664631241864,30.72745885156542,-28.03071710749484,1.0986883012926911,False,23.7961873457036,Svizzera,2.5475937309175793,3.207165577620142,22.317952191362235,42.0,57.3,74.3,57.0,100.0,56.9,15.0,Bilancio solido,2026-10-01T18:13:51.058049+00:00
AENA.MC,"AENA, S.M.E., S.A.",Industrials,Airports & Air Services,EUR,Spain,37680001024.0,44813336576.0,16.85906,15.501676,2.74,4.336268,5.6981416,11.81,6.777,27.127000000000002,10.865,33.948,50.990002999999994,80.605006,57.382999999999996,91.58,1.127,1.122,8113415168.0,1801660032.0,3794575104.0,1488222208.0,2906409984.0,4.25,73.15,,9.2,11.899999999999999,0.135,0.759,1.49,1.62047,5.793,27.11522,2.3913,23.0,1500000000.0,700917252.0,0.51519,16.476451549576275,1.3386601588967417,1728176000.0,14.526154221172671,0.0,25.1200008392334,25.398999881744384,26.154400024414063,25.262867918014525,-3.9549719520046156,-0.565522011375641,True,40.6586155290441,0.0356722900154961,True,17.21600499560331,1.9638348385516609,35.17811556856481,27.6200008392334,21.036527633666992,-9.051411745248117,62.0261232644462,-2.1806832526770514,-7.985342339745327,0.23979707440870968,15.569547997141054,22.607540099919017,-17.459186349039555,1.101933968513189,False,17.750231249818107,Spagna,3.949634202642637,5.9315288040970255,7.942751170813622,54.1,67.5,48.1,55.9,100.0,56.9,15.0,ROIC forte | Dividendo sostenibile,2026-10-01T18:13:51.058049+00:00
RO.SW,ROCHE I,Healthcare,Drug Manufacturers - General,CHF,Switzerland,285879599104.0,315070152704.0,23.405087,16.303585,1.66,8.744394,4.540726,13.148,5.004,38.108003000000004,13.506000000000002,19.601999,36.201,74.167,38.063,90.718,1.228,0.8,33308000256.0,9733999616.0,23964000256.0,10317875200.0,19387000832.0,2.72,63.93,3.07,-1.2,-7.7,-0.073,0.346,15.33,22.00743,41.032,368.0,,2.0,106691000.0,654089041.0,0.72313005,24.251834547851928,1.2720110573600554,13073000000.0,-1.2607506839578675,0.027274554996470357,358.79998779296875,365.4300018310547,367.06400024414063,343.62150863647463,-2.251381896801463,4.4172086947420475,True,42.06680214257673,-1.154337711807505,False,14.711073618990149,2.195211514112514,28.196526009298267,379.6000061035156,263.1874084472656,-5.47945679033387,82.13250221254714,-0.2224744986006999,6.09106293388515,8.859217581531986,38.15860799287982,24.854484340691656,-16.344484188364518,1.1956079691903438,False,38.38108249148052,Svizzera,3.6091680666749726,4.272575444816761,2.564106053520754,37.1,74.9,64.1,47.5,100.0,56.8,17.0,ROIC forte,2026-10-01T18:13:51.058049+00:00
IMB.L,IMPERIAL BRANDS PLC ORD 10P,Consumer Defensive,Tobacco,GBp,United Kingdom,18224472064.0,30704185344.0,11.3802805,6.5898933,0.68,4.7669616,0.93911535,7.645,1.582,37.151,7.796,8.956,16.03,36.262,20.695,243.803,0.698,0.307,11232000000.0,497000000.0,4016000000.0,2502374912.0,3526000128.0,6.819999999999999,75.41,6.96,4.9,-38.2,-0.412,0.134,2.13,3.67836,5.085,3259.0913,1.83333,11.0,751834639.0,759878271.0,0.03071,19.009279676817783,1.9603665521191294,3166000000.0,-0.39065709267392945,-4.884227715603928,2424.0,2474.1,2585.599970703125,2872.984510498047,-6.249998937738999,-15.627808255054354,False,35.72990364426711,1.6799894170753973,True,17.195608503656217,1.888678805983681,8.28876611521382,3339.553466796875,2424.0,-27.415445684570095,0.0,-3.7331215250198557,-13.166187764804448,-20.264681926984395,-20.714395058512515,21.99545539563324,-27.415445684570095,0.8668894308129076,False,-16.98127353349266,UK,13.730849942935281,8.787129631822344,34.45096122112212,70.1,68.3,29.7,51.7,100.0,56.7,18.0,FCF yield elevato | P/E forward basso | ROIC forte | Buyback in corso | Upside analisti,2026-10-01T18:13:51.058049+00:00
RACE.MI,FERRARI,Consumer Cyclical,Auto Manufacturers,EUR,Italy,60011937792.0,62677856256.0,36.85345,30.956026,3.44,16.44547,8.161216,25.369,8.524,45.439997,13.605999999999998,22.25,31.064999999999998,51.617999999999995,33.598,86.386,2.429,1.758,3165647104.0,1431513984.0,2470598912.0,1001981760.0,2407174912.0,1.04,38.959998,0.69,8.4,10.100000000000001,0.09,0.6,9.28,11.04793,20.796,389.4421,1.78947,19.0,175473500.0,173546934.0,0.32278,30.64628911004531,0.5119776343277648,1406120000.0,11.933742456699537,-0.9860340118783228,342.0,354.0625,353.5719989013672,314.9824803161621,-3.272883298825746,8.577467437782316,True,40.21316477676984,-1.9105757198574156,False,16.220519430456577,2.501955184414453,0.6003429276910269,422.0938720703125,270.7174987792969,-18.97536954930501,47.08958186206845,-4.215092650190844,1.0339734121122657,20.625675425491142,-18.670548131756448,34.8478244530142,-43.44444590370791,0.9487136114570075,False,-14.455455481565604,Italia,1.6696374035993402,2.7134501654526235,13.871959064327477,32.2,73.0,63.4,58.0,100.0,56.1,19.0,ROIC forte | Bilancio solido,2026-10-01T18:13:51.058049+00:00
NOVN.SW,NOVARTIS N,Healthcare,Drug Manufacturers - General,CHF,Switzerland,224398393344.0,269809745920.0,21.426497,14.392722,3.41,6.613974,3.9581325,11.681,4.759,30.349999999999998,10.25,22.502,34.62,74.976,40.742,116.85,0.862,0.55,49014001664.0,7617999872.0,23097999360.0,11900250112.0,18392999936.0,3.08,69.86,3.55,0.8,-17.0,-0.192,0.49,5.51,8.202757,17.850084,126.56728,2.65217,22.0,1900714840.0,1856352156.0,0.02111,21.327144391231247,1.0490776039612637,15244000000.0,9.251661471463567,-3.3890908508454443,118.05999755859375,117.25699958801269,122.78400024414063,119.03010974884033,-3.8474090078135514,-0.8150141105419229,True,45.59294570617318,0.6914497617553836,True,15.217878510260087,2.208408458238458,54.262646662391866,131.32000732421875,95.59137725830078,-10.097478697885753,62.88687883873302,-10.097478697885753,-5.62749880207527,-3.938164285755519,22.81906776829279,22.995830286114042,-14.971065005784212,1.3717343874145118,False,32.916546466178545,Svizzera,5.303179730773323,4.667118474849155,7.2058975244210455,44.0,69.3,55.9,52.8,100.0,55.9,20.0,ROIC forte | Buyback in corso,2026-10-01T18:13:51.058049+00:00
GSK.L,GSK PLC ORD 31 1/4P,Healthcare,Drug Manufacturers - General,GBp,United Kingdom,71900717056.0,88127242240.0,15.211865,9.406672,5.98,4.0758405,2.1654887,8.146,2.654,33.383,10.007000000000001,14.52,30.942999999999998,73.493,32.581002,106.497,0.815,0.519,18293000192.0,3105999872.0,10817999872.0,3482625024.0,8330999808.0,3.71,56.880003,4.24,5.3,-69.5,-0.699,0.29,1.18,1.90822,4.404,2174.81,2.52174,21.0,4005611246.0,3882422370.0,0.01746,22.20822138884649,1.4006921745818113,4756000000.0,3.664171374431291,-1.6728985814360442,1795.0,1847.775,1882.8872021484376,1952.9810888671875,-4.667682803736484,-8.089227784526232,False,37.69491996541238,-3.769209186970211,False,10.527250595648912,2.518238069331593,18.276823786625627,2267.409423828125,1613.9378662109375,-20.83476494644466,27.707729843558266,-3.57238785925329,-10.910013032721032,-14.792351903395973,9.023997432887242,24.480622366850387,-21.91529322433441,0.9388625199009348,False,12.596385292140532,UK,4.843658264614456,6.573815899628349,21.159331476323118,59.8,67.2,41.5,49.6,100.0,55.9,20.0,P/E forward basso | ROIC forte,2026-10-01T18:13:51.058049+00:00
EQNR.OL,EQUINOR,Energy,Oil & Gas Integrated,NOK,Norway,952203804672.0,979946504192.0,11.414772,9.975077,1.1,2.4395387,8.378167,23.402,8.622,21.270001,14.516000000000002,7.969999999999999,36.112,40.133998,36.844003,75.162,1.176,0.918,32419000320.0,23726000128.0,41874001920.0,29396250624.0,23136000000.0,3.65,40.739999999999995,3.89,37.4,298.0,2.692,-0.727,35.2,40.28039,164.70326,382.60895,3.24,25.0,2369845252.0,516514570.0,0.71654,15.565697814076387,0.6819993227932175,5977000000.0,-10.778904004817813,-8.33193630460598,401.79998779296875,408.6999984741211,395.139189453125,331.08475395202635,1.685684062130699,21.358650012373847,True,49.39349168344078,-2.7792549528465225,False,21.548925490143077,2.764833712963173,32.280230189319504,423.79998779296875,219.60528564453125,-5.1911280400383735,89.22596924967853,-0.9857072745997009,28.16935877656903,-2.506913501591368,68.91318135163186,38.56533813458178,-25.78475073999976,1.1098615120290325,True,69.89888862623157,Nordics,3.087180546829043,8.760577959857631,-4.776266395223761,40.6,74.9,53.2,51.9,100.0,55.7,22.0,P/E forward basso | ROIC forte | Bilancio solido | Trend rialzista | Buyback in corso,2026-10-01T18:13:51.058049+00:00
ULVR.L,UNILEVER PLC ORD 3.5P,Consumer Defensive,Household & Personal Products,GBp,United Kingdom,96772227072.0,127407169536.0,20.520546,15.221082,6.43,6.946753,1.911739,11.715,2.517,31.868999999999996,8.286999999999999,18.319,20.345,47.068,21.486,175.397,0.74,0.568,32110000128.0,5943000064.0,10876000256.0,6732624896.0,8636999680.0,3.58,76.11,3.57,0.5,-5.6000000000000005,-0.056,0.453,2.19,2.9524841,6.4692097,5199.626,2.4375,14.0,2153365295.0,2136913387.0,0.02438,17.85491898052435,2.12275664034458,6759000000.0,-5.620149429302945,-0.9575224132981286,4494.0,4644.5,4682.830595703125,4648.919371337891,-4.032402877789187,-3.3323738048248286,True,35.825056775895845,-13.043126013132213,False,12.213976580198809,1.8896412018638213,-10.563502875610729,5470.61083984375,4077.659912109375,-17.851952340145683,29.88907072037342,-6.0324098274960765,-2.7191606442932725,7.351423150701897,-4.115545008815202,22.362610664695374,-25.46243862914146,0.9126622689397157,False,1.9168648186808745,UK,6.957187097689532,4.873164680900791,15.70151312861594,43.0,75.5,52.9,44.3,100.0,55.4,23.0,ROIC forte,2026-10-01T18:13:51.058049+00:00
PUB.PA,PUBLICIS GROUPE SA,Communication Services,Advertising Agencies,EUR,France,,26902636544.0,14.850467,11.154439,1.59,2.2633715,,9.194,1.524,16.179001,4.3020000000000005,9.19,14.140001,46.674,16.578,51.925,0.94,0.903,5449999872.0,2128000000.0,2926000128.0,2018625024.0,2696999936.0,3.9699999999999998,58.41,3.78,3.0,-3.1,-0.038,0.6,6.42,8.54727,42.123,113.0,1.5,16.0,,217139970.0,0.07317,14.988641915892236,0.5140334279407127,2693000000.0,7.016998410598685,0.05190082607844371,95.33999633789062,97.55900001525879,98.25539978027344,83.29056701660156,-2.967168673581777,14.466739455486444,True,41.56286438581691,-0.4249332092839172,False,15.376217991851503,2.3458373627893003,16.683761726539107,104.0999984741211,65.58637237548828,-8.41498776621805,77.25479778560388,-4.0652053000417965,10.398327540612208,35.96537956354957,20.191303436200215,28.405509287480996,-33.822150981381746,0.9342185388677273,False,24.25650873624201,Francia,,6.733794970892161,18.523184749788825,43.1,57.1,65.1,60.2,100.0,55.4,23.0,P/E forward basso | Bilancio solido,2026-10-01T18:13:51.058049+00:00
BBVA.MC,BANCO BILBAO VIZCAYA ARGENTARIA,Financial Services,Banks - Diversified,EUR,Spain,131015606272.0,163543269376.0,12.597883,10.28972,2.23,2.3333986,3.8381605,,4.791,18.924,1.354,32.562000000000005,56.409,0.0,0.0,,,,198940999680.0,183573004288.0,,,34161999872.0,3.71,48.680001,5.17,20.200000000000003,15.2,0.114,0.89,1.89,2.31396,10.204,23.49591,2.73913,22.0,5502545640.0,5738130226.0,0.00103,,,13162000000.0,11.98645442652806,-1.1336241191656105,23.809999465942383,25.005499744415282,24.71560001373291,20.975845489501953,-3.6640848180393815,13.511512457788054,True,35.85017299109522,-0.12199667816291443,False,15.95125487798644,2.1630885852939623,-33.164579374453965,25.40999984741211,14.938248634338379,-6.296735108531215,84.72079455562155,-5.101636822881739,4.5215046016249705,30.180430601966137,54.85662705282026,29.65648210729499,-18.701772533483705,1.0617863831724574,False,59.958263875701995,Spagna,10.046131430079042,7.937841619897566,-1.3191494035590168,47.5,58.0,63.2,51.4,100.0,55.2,25.0,FCF yield elevato | P/E forward basso,2026-10-01T18:13:51.058049+00:00
VER.VI,VERBUND AG Kat. A,Utilities,Utilities - Renewable,EUR,Austria,,26620149760.0,18.270893,15.937257,1.87,2.2779534,,11.274,3.507,12.751999999999999,5.9959996,15.873000000000001,22.895999,45.797002,31.108999999999998,31.126,0.826,0.54,3279200000.0,89400000.0,2361302016.0,37215248.0,1455345024.0,3.08,57.64,3.06,-4.9,-39.300000000000004,-0.388,0.188,3.47,3.9781,27.832,60.75,3.71429,14.0,,66008980.0,0.3,14.193951799196808,0.780651044367032,550226000.0,-8.163243410193887,0.0,63.400001525878906,61.87750015258789,59.692000274658206,59.40997360229492,6.211889757688183,6.716091056182294,True,59.69907159149759,0.19888125948017188,True,31.1398097220455,2.121923780298211,73.6792245726334,65.75901794433594,54.75,-3.587365645353624,78.57196318159578,7.185122384385001,12.811389083979208,-0.7136638706074949,6.423532480861449,26.390281250371757,-28.80170704650773,0.9378452641452333,True,-0.7615899035235518,Irlanda_Austria,,5.473186231236754,-4.179813031703505,47.0,62.8,57.0,52.9,100.0,55.1,26.0,Bilancio solido | Trend rialzista,2026-10-01T18:13:51.058049+00:00
OMV.VI,OMV AG,Energy,Oil & Gas Integrated,EUR,Austria,23042115584.0,30271723520.0,14.811321,8.641251,0.65,1.5218422,0.89973116,5.187,1.182,8.7910004,5.638,10.5579995,14.857999999999999,32.241002,22.788,37.636,1.224,0.793,7997000192.0,4397000192.0,5836000256.0,7461875200.0,4864999936.0,4.41,66.040003,5.88,39.7,118.9,1.113,0.235,4.77,8.1759,46.424,64.95556,3.05556,18.0,326144577.0,141077098.0,0.564,7.1352137551296035,0.49141703130259173,1366000000.0,-26.927149227269254,-0.3711136478974586,70.6500015258789,71.32750053405762,68.05100044250489,57.25532733917236,3.8191959948772114,23.394633843167846,True,51.528045595894945,-0.3198894367808802,False,23.510096408633096,1.9950545554399204,34.51188557515943,73.30000305175781,40.425235748291016,-3.6152816037507085,91.93910179981883,0.7127583594072284,23.838742279918534,19.36920788956129,64.54012877334299,22.99416550032587,-11.455369499222067,0.9226898547010581,True,63.82737041393575,Irlanda_Austria,32.38363757354547,6.751592244878091,-8.060072757101134,59.3,46.6,59.3,53.7,100.0,54.7,27.0,FCF yield elevato | P/E forward basso | Bilancio solido | Dividendo sostenibile | Trend rialzista,2026-10-01T18:13:51.058049+00:00
MONC.MI,MONCLER,Consumer Cyclical,Apparel Manufacturing,EUR,Italy,11801633792.0,12235112448.0,18.46383,16.9701,2.22,3.2344391,3.692193,13.442,3.828,18.122,10.673001,19.958000000000002,19.023001,78.196,28.476000000000003,33.88,2.304,1.559,1236274944.0,1142878976.0,910204992.0,687923968.0,1026494016.0,3.1400000000000006,59.57,1.86,5.2,7.1,0.073,1.068,2.35,2.55685,13.415,59.184,2.0,25.0,271989727.0,221976215.0,0.18226999,17.50868539123046,-0.07722587179995279,740401000.0,6.363975754395934,0.36653081328692494,43.38999938964844,44.311499977111815,46.766799774169925,50.46970199584961,-7.220507712367674,-14.027629104652483,False,39.00090993377984,0.18048552164754117,True,17.689536708378775,2.6956530487986172,24.35209281118979,56.9107551574707,43.25,-23.757821751636676,1.0248290671681906,-6.808423303571976,-15.154478084660916,-12.421692393655148,-13.373259543186421,32.1138191240092,-34.11477019810207,0.9840612262537767,False,-6.564836239614445,Italia,5.829057062135961,5.415994406360976,36.40009410583107,49.8,62.1,48.8,58.2,100.0,54.5,28.0,ROIC forte | Bilancio solido | Upside analisti,2026-10-01T18:13:51.058049+00:00
PST.MI,POSTE ITALIANE,Industrials,Integrated Freight & Logistics,EUR,Italy,31677454336.0,100507492352.0,13.2594595,12.352518,,2.4735305,2.1943374,23.761,6.962,18.174,0.751,16.625,24.350001,34.932998,29.302,631.496,0.506,0.316,87178002432.0,19623999488.0,4230000128.0,4330625024.0,2743000064.0,4.93,67.42,5.81,3.4000000000000004,-5.800000000000001,-0.058,0.769,1.85,1.98583,9.917,29.49231,1.61538,13.0,1291376047.0,574484903.0,0.55119,12.390151650439185,1.0662159011424575,1525000000.0,8.357547561951083,-0.03873777701037806,24.530000686645508,25.94749984741211,26.584999885559082,24.08272216796875,-7.729919908819882,1.8572589741190582,True,33.3717769478222,-0.1167292055677494,False,28.965731957229657,2.757112982030232,-5.606739248094723,29.170000076293945,18.979244232177734,-15.90675137988532,54.46854521269478,-6.836305515671226,-15.413790735705145,20.568804397961514,27.994436662295954,20.793112750046006,-15.90675137988532,1.5245288042651937,False,34.83074217796718,Italia,13.67100076308354,7.541785545632535,20.22955228067338,63.9,50.1,55.4,42.4,100.0,54.4,29.0,FCF yield elevato | Dividendo sostenibile,2026-10-01T18:13:51.058049+00:00
HEN3.DE,Henkel AG & Co. KGaA          I,Consumer Defensive,Household & Personal Products,EUR,Germany,29116876800.0,32051802112.0,15.302128,12.202218,2.97,1.390054,1.424435,9.85,1.568,9.395000000000001,5.118,9.359,14.987998999999999,51.318,15.919,32.159,1.199,0.874,6776000000.0,4421000192.0,3254000128.0,1401874944.0,2726000128.0,2.83,44.04,2.69,-0.5,-8.1,-0.11,0.574,4.7,5.89401,51.739,78.75647,2.68421,17.0,151440961.0,244670771.0,0.0,9.986604185141971,0.2838489923360772,1842000000.0,-2.9148757226743816,-2.998547562030085,71.91999816894531,73.95200004577637,75.38319961547852,71.0042529296875,-4.594129015747028,1.2897047732685074,True,37.17749226043815,-0.09758143473729164,False,12.218890490089361,1.7668908953556026,8.26599850516395,81.26547241210938,61.5,-11.49993221693435,52.7181842745204,-4.488718121949131,-3.7473273635091897,15.658818742948233,6.4485232010334625,19.780081983674126,-24.93715840328614,0.9789272669032836,False,10.937241322982594,Germania,4.814647373168814,6.5350387867622075,9.5056618535992,54.2,46.0,60.7,60.9,100.0,54.4,29.0,Bilancio solido | Buyback in corso,2026-10-01T18:13:51.058049+00:00
REC.MI,RECORDATI ORD,Healthcare,Drug Manufacturers - General,EUR,Italy,10762928128.0,12705592320.0,22.07983,13.97049,1.1,5.0514274,3.9784307,12.529,4.697,24.851999,9.7720005,18.378,29.197,71.478,37.486000000000004,108.586,1.257,0.836,2313564928.0,391383008.0,1014124992.0,540969984.0,644686016.0,2.7,56.29999599999999,2.5,8.3,28.599999999999998,0.28,0.533,2.38,3.7615,10.403,60.1,,8.0,204813111.0,101828983.0,0.4682,13.12132780413798,2.298389169736955,511773000.0,12.209235169628307,-0.9405629724652975,52.54999923706055,52.54000015258789,52.41800018310547,49.62983636856079,0.25182008755386676,5.88388574730343,True,48.73685695309411,-0.008259250464902612,False,27.324182733968257,0.571520090537367,50.566239491858326,53.25,43.86677932739258,-1.314555423360475,92.53986677534958,1.2524040309662254,2.137995058910569,8.478428839076368,1.9931570532682796,16.73093236728029,-25.130798289014688,1.1828092357056386,True,0.7407530223020542,Italia,5.026234288349974,4.529020377421384,14.367270927788844,44.0,59.8,59.7,54.7,100.0,54.3,31.0,Trend rialzista,2026-10-01T18:13:51.058049+00:00
DNB.OL,DNB BANK ASA,Financial Services,Banks - Regional,NOK,Norway,439815176192.0,1309753737216.0,11.21509,11.030803,5.22,1.7545353,5.0158544,,14.937,15.07,1.086,47.826,59.521,0.0,0.0,,,,1445948948480.0,593617027072.0,,,-167112998912.0,5.7,65.29,5.95,0.8,-4.3,-0.061,0.342,27.57,28.0306,176.229,316.7647,2.88235,17.0,1422429264.0,703896633.0,0.45593,,,69928000000.0,11.008155222573102,-1.4639146711338702,309.20001220703125,317.0500030517578,312.7700018310547,288.21718627929687,-1.14141049433244,7.280213299772131,True,41.00964355463573,-0.8280751152647015,False,15.753743748496635,1.4934555180263236,-11.194508412180678,323.20001220703125,243.21922302246094,-4.331683004712284,82.49579662474643,-3.314564099608308,3.58459370419808,9.021216054565562,20.282751306068093,16.620730456868273,-9.209143554975075,1.0870064172184504,False,23.5973154056764,Nordics,15.899405883500743,8.916557958964217,2.446535412134354,53.2,57.8,49.4,55.5,100.0,54.0,32.0,FCF yield elevato | P/E forward basso | Dividendo sostenibile,2026-10-01T18:13:51.058049+00:00
DHL.DE,DHL AG                        N,Industrials,Integrated Freight & Logistics,EUR,Germany,61871403008.0,87472734208.0,16.993902,14.4814205,2.63,2.7760346,0.7230164,10.417,1.022,18.090001,5.3740002,4.344,8.329,17.837,9.8129995,122.614,1.03,0.82,27971999744.0,4291000064.0,8397000192.0,5425375232.0,9927999488.0,3.3300000000000005,57.93000000000001,4.23,12.8,28.599999999999998,0.239,1.134,3.28,3.84907,20.079,56.06611,2.75,18.0,1110000000.0,910620439.0,0.17733999,9.800909341462251,2.1015785249264245,6324000000.0,-4.26728420395982,-2.945950751705695,55.7400016784668,56.17699966430664,56.14159996032715,50.07848415374756,-0.715331023953969,11.305289328122692,True,46.14912384400847,-0.019068067014126222,False,17.43159119622423,1.9542813578226994,39.71764843082401,58.619998931884766,36.79405975341797,-4.912994380577295,86.80470411894422,1.5670564752434224,0.0358945752432005,27.110042748983567,49.96755232450671,26.48894873969003,-14.333072083959342,1.041230025666788,False,48.400495849263294,Germania,8.768792961262728,5.884463732931966,0.5850525864967482,62.8,38.6,65.9,47.5,100.0,54.0,32.0,FCF yield elevato | Buyback in corso,2026-10-01T18:13:51.058049+00:00
KRX.IR,KINGSPAN GROUP PLC,Industrials,Building Products & Equipment,EUR,Ireland,17948506112.0,20754214912.0,26.586666,18.442368,1.5,3.7732277,1.8812765,17.304,2.175,15.213001,5.7189997,7.16,9.465,29.541,12.572,53.262,1.326,0.853,2683699968.0,594200000.0,1199399936.0,620524992.0,995699968.0,55.00000000000001,14.770000999999999,0.7,7.6,4.9,0.038,1.309,3.75,5.40603,26.423,122.78125,1.6875,16.0,180025148.0,151093153.0,0.16028,11.855895103076488,1.6923138768290722,454500000.0,3.3179787898594215,-1.0253213976411546,99.69999694824219,99.75000038146973,95.97605407714843,81.6161368560791,3.880074990476623,22.157211537777076,True,52.66573399804693,-0.08145267600996353,False,18.568577671599392,2.6983595921689982,49.58720303622033,105.30000305175781,62.445735931396484,-5.318144293655025,86.93244225181277,-0.6269427754740375,23.800991175070706,38.21685059790876,38.21685059790876,37.78869214408127,-30.09893037510104,0.9531016524054275,True,38.843793373382795,Irlanda_Austria,3.457251473342006,3.7612839458697076,23.150705875888946,51.2,42.2,75.1,48.3,100.0,54.0,32.0,Dividendo sostenibile | Trend rialzista,2026-10-01T18:13:51.058049+00:00
REL.L,RELX PLC ORD 14 51/116P,Industrials,Specialty Business Services,GBp,United Kingdom,43618603008.0,52378009600.0,20.08,15.987975,1.17,35.451977,4.48751,15.911,5.389,131.864,13.123000000000001,23.271998999999997,32.006,66.42,33.867999999999995,709.641,0.449,0.394,8906000384.0,220000000.0,3292000000.0,2232375040.0,2880999936.0,2.76,54.09,2.01,2.7,24.3,0.202,0.265,1.25,1.56993,0.708,3400.582,1.41176,17.0,1737792947.0,1734576740.0,0.00466,24.040083427412412,1.935973955507325,2311000000.0,3.8883172385113296,-1.9871553683527332,2510.0,2522.7,2581.4187939453127,2577.4632263183594,-2.766648872039845,-2.6174273071869814,True,47.409856404491016,-0.9492135706204792,False,6.40352960795949,3.0863904262273167,42.73816437155023,3509.087890625,2012.476806640625,-28.471441062909754,33.24331876754758,-3.0513711857860226,7.54898252262084,0.7484973167437792,-27.584298304546085,35.69204763299188,-51.310069100663604,0.9099128281310334,False,-24.532927118760064,UK,5.117942542980032,4.9800796812749,35.481354581673294,47.5,81.0,42.2,32.6,100.0,54.0,32.0,ROIC forte | Upside analisti,2026-10-01T18:13:51.058049+00:00
BNP.PA,BNP PARIBAS ACT.A,Financial Services,Banks - Regional,EUR,France,100327841792.0,,7.918685,6.896204,0.92,0.83537143,1.9573872,,,10.477000499999999,0.477,26.490997999999998,38.353002000000004,0.0,0.0,,,,831044976640.0,1226712023040.0,,,27277000704.0,6.11,44.64,6.99,16.900000000000002,37.4,0.334,1.035,11.56,13.27397,109.58,120.00789,1.68421,19.0,1096000000.0,971183539.0,0.11287,,,43696000000.0,6.179301744914922,-2.60767999278243,91.54000091552734,98.46553916931153,102.14651779174805,90.60122051239014,-10.383630402207956,1.0361675017488414,True,28.658854701994215,-0.44494430766177806,False,35.5195750749577,2.5100546560499972,-27.253817368476437,109.1638412475586,61.412879943847656,-16.14439372105313,63.09217688846481,-8.254967078832486,-8.697749109279718,16.33257283262388,28.99818012005595,28.15263572176681,-19.50034566959946,1.181939137953865,False,37.253147198888435,Francia,43.55321436156345,12.628359380376919,31.098851649283567,75.2,41.8,46.6,48.1,100.0,53.9,36.0,FCF yield elevato | P/E forward basso | Dividendo sostenibile | Ipervenduto | Buyback in corso | Upside analisti,2026-10-01T18:13:51.058049+00:00
PRX.AS,PROSUS,Consumer Cyclical,Internet Retail,EUR,Netherlands,72839798784.0,180234354688.0,7.568478,8.059027,1.63,1.6232824,7.5053887,,18.571,22.213,0.264,119.91799999999999,1.447,46.44,6.45,32.874,2.434,2.391,17707999232.0,15736999936.0,626000000.0,846875008.0,1608999936.0,79.0,4.4299997,,,,,0.783,4.6,4.32,21.447283,61.05028,1.61111,18.0,2090903620.0,2659718436.0,0.00852,19.007251916599888,0.8441337761643624,1401000000.0,25.184687571786156,-6.221808487753555,34.814998626708984,35.96799983978271,37.704099807739254,41.91180006027221,-7.662565067890159,-16.932704926434827,False,38.38863693157307,0.008732447108001473,True,12.876822556632657,2.6818794155156893,3.0304100647441694,62.18696975708008,34.814998626708984,-44.01560525829409,0.0,-5.535208088089849,-8.75376820716921,-12.448134889769491,-43.12218915315063,34.69550247145809,-44.01560525829409,1.0066911853170555,False,-37.58698106506078,Paesi_Bassi,1.1626542386687986,13.212696132564567,75.35626140500298,58.5,53.9,42.2,64.6,100.0,53.9,36.0,P/E forward basso | ROIC forte | Bilancio solido | Dividendo sostenibile | Lontano dai massimi | Buyback in corso | Upside analisti,2026-10-01T18:13:51.058049+00:00
SHEL.L,SHELL PLC ORD EUR0.07,Energy,Oil & Gas Integrated,GBp,United Kingdom,204551569408.0,241551278080.0,10.524926,9.118692,1.61,1.465372,0.6896523,4.193,0.814,14.341000000000001,6.3950000000000005,8.756,16.691,26.093,19.422,40.2,1.435,0.985,73075998720.0,31374000128.0,57605001216.0,21458374656.0,49139998720.0,3.2400000000000007,32.819998,3.7,44.7,220.00000000000003,2.005,-0.22,3.41,3.9358711,24.492075,3958.9783,2.16667,16.0,5699402802.0,5431710633.0,0.00053,9.530585046880496,0.8120323309332204,23916000000.0,-11.213347820720298,-6.481336388435754,3589.0,3558.325,3432.763388671875,3160.1376574707033,4.551336449337184,13.571001931369908,True,57.184523171996666,-5.770990690718293,False,23.027666536988,1.8964227540924206,62.94974263775417,3654.5,2561.3037109375,-1.7923108496374351,94.00839532156012,4.240487946558225,24.13323377146803,4.243769927905694,34.443263155632444,23.091232283003002,-19.822557511312667,1.030326969614815,True,30.20277520907422,UK,10.490447332231891,9.501254450625115,10.308673725271667,58.7,51.3,46.3,61.4,100.0,53.8,38.0,FCF yield elevato | P/E forward basso | Bilancio solido | Trend rialzista | Buyback in corso,2026-10-01T18:13:51.058049+00:00
ABI.BR,AB INBEV,Consumer Defensive,Beverages - Brewers,EUR,Belgium,127126953984.0,201188638720.0,15.78484,14.794225,1.53,1.5437824,2.0302956,10.194,3.213,11.392,4.875,14.896,27.340999999999998,56.494,31.52,71.88,0.664,0.456,72732000256.0,8010999808.0,19736000512.0,10693624832.0,17419999232.0,1.76,28.93,1.39,11.0,124.9,1.238,0.783,4.09,4.363865,41.819366,83.90765,1.6,24.0,1747086877.0,933792428.0,0.43877,7.641959490725708,2.9502494722701975,11227000000.0,0.8771575260351216,-1.249336941875967,64.55999755859375,67.65199966430664,69.11320022583008,65.594189453125,-6.588036225147387,-1.576651686915509,True,32.41086390690094,-0.3035216902715895,False,12.513166004425981,2.1696106881140786,-10.499272526424715,75.19999694824219,50.23359680175781,-14.14893593276555,57.38272507361578,-5.944058664531382,-7.054422099717927,6.281718381093082,31.03250871349099,23.746037710615354,-18.60465001281959,1.1197632496917986,False,36.976567378022374,Belgio_Portogallo,8.41176831260024,6.33519250115934,29.968483849223503,53.3,51.3,58.1,52.8,100.0,53.8,38.0,FCF yield elevato | Upside analisti,2026-10-01T18:13:51.058049+00:00
HM-B.ST,"Hennes & Mauritz AB, H & M ser.",Consumer Cyclical,Apparel Manufacturing,SEK,Sweden,252785672192.0,308039417856.0,19.19394,17.892654,2.63,6.4013424,1.1446294,12.336,1.395,33.251,7.033,5.975,10.738,54.415,11.307,200.652,1.132,0.583,79375998976.0,26506999808.0,24970000384.0,19920250880.0,34929999872.0,4.44,84.23999500000001,4.65,0.3,28.299999999999997,0.277,1.009,8.25,8.85,24.737,154.54231,3.73077,26.0,1401973003.0,461543363.0,0.71098,14.12601541090141,1.4161520190023753,20441000000.0,0.7006540398649452,-0.12795332103296975,158.35000610351562,164.71000061035156,171.745,171.39909866333008,-7.799350139150707,-7.613279568900233,True,35.364150275974,-0.49945903066342234,False,32.338654983458625,2.192022589021326,15.368114078072793,190.08079528808594,156.9499969482422,-16.693316721702057,4.2257030479997795,-7.855687821080515,-3.592081519929602,-9.317321295468584,-4.577028735321454,23.79472219384066,-17.429850443139618,1.2336559018547353,False,3.2786590857590614,Nordics,7.880292703009623,5.209977732555171,-2.4046074876855394,50.6,55.8,59.5,45.7,100.0,53.7,40.0,,2026-10-01T18:13:51.058049+00:00
INGA.AS,ING GROEP N.V.,Financial Services,Banks - Diversified,EUR,Netherlands,86102802432.0,105657016320.0,13.095239,10.4484005,2.14,1.7216847,3.4148808,,4.19,17.124,0.796,34.493,49.101,0.0,0.0,,,,262074007552.0,247878991872.0,,,-39521001472.0,3.61,47.010000000000005,5.68,11.1,22.1,0.162,0.9,2.31,2.89518,17.57,32.8395,2.0,20.0,2846373734.0,2868298382.0,0.00717,,,-6731000000.0,6.629934317574437,-6.260324881856983,30.25,31.779250049591063,30.868642768859864,26.06356050491333,-2.004113927172557,16.062423605928554,True,37.780038528714,-0.20234041151453808,False,14.22957285572399,2.0357987174166614,-38.823164378578674,32.310001373291016,19.491384506225586,-6.375739045910134,83.92961272925062,-3.385498192343961,6.72979945402612,37.59895527007062,46.37432248731592,24.845532521648124,-16.87714773751836,1.1298733466885622,False,49.75982067965988,Paesi_Bassi,-7.81739944564038,7.636363108760367,8.5603305785124,44.4,53.4,64.4,54.1,100.0,53.6,41.0,P/E forward basso | Buyback in corso,2026-10-01T18:13:51.058049+00:00
VOE.VI,voestalpine AG,Basic Materials,Steel,EUR,Austria,7499250688.0,9027496960.0,14.777027,8.655302,5.88,0.9893018,0.49480408,6.062,0.596,6.6139996000000005,3.2329999999999997,3.422,7.593,20.478001000000003,9.826,25.377,1.41,0.541,2037900032.0,981100032.0,1489299968.0,521312512.0,1440300032.0,1.66,20.27,3.42,2.4,89.7,0.933,1.857,2.96,5.05355,44.213,52.18,2.4,10.0,171450616.0,145203241.0,0.28465998,6.33506347551777,0.8618003273322422,556700000.0,-6.15420599680867,0.0,43.7400016784668,45.49900035858154,45.49919982910156,42.89496856689453,-3.8664375576767274,1.970005200620295,True,41.09142393898279,-0.16089719487293613,False,10.499607169640676,3.297806266924777,1.6624543679639032,48.34000015258789,29.77178382873535,-9.515925650808732,75.22649244336958,-1.9282440024147252,2.2622288679642777,16.18525757137894,38.511905725431795,38.177708827949736,-24.19420963130866,0.9467875787086163,False,40.44014972784652,Irlanda_Austria,6.951528008447343,6.7672611006259915,19.29583447109975,63.0,41.8,55.7,54.2,100.0,53.5,42.0,P/E forward basso | Bilancio solido,2026-10-01T18:13:51.058049+00:00
GALP.LS,GALP ENERGIA-NOM,Energy,Oil & Gas Integrated,EUR,Portugal,15884294144.0,19431333888.0,14.083333,11.657027,0.95,3.3470442,0.7385982,5.865,0.904,24.875,11.109000400000001,5.0869998,18.024999,30.624000000000002,15.405,80.965,1.529,1.113,4598000128.0,2331000064.0,3312999936.0,1967500032.0,2543000064.0,3.03,40.89,4.12,35.199999999999996,134.60000000000002,1.419,-0.069,1.56,1.8847,6.564,23.17778,2.11111,18.0,664919769.0,326318496.0,0.49862,20.703365060516397,0.8796136598827182,353000000.0,-10.089988914043058,-2.1874334566329923,21.969999313354492,21.8814998626709,20.991817779541016,18.748106288909913,4.6598229085564435,17.185165129719948,True,52.51112131641709,-0.026587943237982192,False,19.721184988643483,2.4066061941627606,53.26477528641627,23.18000030517578,13.50786304473877,-5.220021466311686,87.48982816062085,4.073892364461695,18.546105243181145,7.506534238438767,32.0080392533034,32.21906015075981,-29.192569530054126,0.9596876046512616,True,27.934146888841706,Belgio_Portogallo,12.386449244540003,7.100591884037678,5.497408850219476,47.8,67.9,44.7,50.6,100.0,53.5,42.0,FCF yield elevato | P/E forward basso | ROIC forte | Bilancio solido | Trend rialzista | Buyback in corso,2026-10-01T18:13:51.058049+00:00
BATS.L,BRITISH AMERICAN TOBACCO PLC OR,Consumer Defensive,Tobacco,GBp,United Kingdom,85725577216.0,122138853376.0,13.6907215,10.303519,1.38,1.8554397,3.3257904,10.906,4.738,13.424,5.119,24.992001,34.908,82.716006,43.447,72.154,0.835,0.479,35063001088.0,2532999936.0,11198999552.0,3525374976.0,7434999808.0,5.93,83.44,7.33,1.4000000000000001,-28.599999999999998,-0.293,0.114,2.91,3.86664,21.472,5153.846,1.61538,13.0,2151746530.0,1972336650.0,0.06608,11.67578396750593,2.2465850882185543,5638000000.0,-2.5282780251305703,-1.321771728179011,3984.0,4149.463903808593,4244.022099609375,4381.779598388672,-6.126784769412663,-9.078037574846276,False,35.55019381000062,-6.321431136252166,False,14.189327505271311,2.5323068272466527,-8.721687122463246,4960.60693359375,3730.892822265625,-19.687246876588137,20.58260333867457,-3.4272583755740715,-13.760683028946474,-7.602159051582779,3.351055400999936,25.258901167390796,-19.687246876588137,1.1369968202193173,False,6.778313776574008,UK,4.112395728893403,7.3042169472222485,29.363604417670675,55.3,61.2,44.1,50.2,100.0,53.5,42.0,P/E forward basso | Upside analisti,2026-10-01T18:13:51.058049+00:00
FORTUM.HE,Fortum Corporation,Utilities,Utilities - Renewable,EUR,Finland,21121605632.0,23091140608.0,25.586958,22.291668,13.9,2.5939395,3.847988,18.068,4.207,9.993,3.9079999999999995,15.065999999999999,9.520000000000001,39.424,23.283,47.478,2.808,2.202,3905999872.0,2172999936.0,1278000000.0,785374976.0,863000000.0,3.12,80.43,6.69,15.4,4.8,0.048,0.088,0.92,1.056,9.075,22.02778,3.16667,18.0,897264465.0,412669873.0,0.5295,8.824541430724613,1.281445448227936,341000000.0,-13.743932194557152,0.0,23.540000915527344,23.424499988555908,21.348299942016602,20.258623971939087,10.266395822915864,16.197432501503584,True,57.34181558204611,-0.13592342148950975,False,34.63693312416539,3.0490535275341433,52.7694589441291,24.739999771118164,15.560314178466797,-4.850440043219873,86.92766932506427,11.828987024773419,18.410472380621613,9.590323171285053,51.80070958671441,34.16138224110482,-15.51037760363001,1.4037866943732555,True,39.97172256194099,Nordics,3.718348830498607,3.9082410656241358,-6.42404781951329,37.0,48.3,75.0,60.6,100.0,53.4,45.0,Trend rialzista,2026-10-01T18:13:51.058049+00:00
TRN.MI,TERNA,Utilities,Utilities - Regulated Electric,EUR,Italy,18334101504.0,31109654528.0,17.24151,16.249088,2.14,3.082996,4.3473554,11.027,7.377,13.828,3.9350000000000005,26.439,45.148998,80.100995,66.89600300000001,172.37,0.964,0.92,14910499840.0,2266500096.0,2821199872.0,-786737472.0,2924499968.0,4.31,74.47,4.17,12.3,0.5,0.007,0.607,0.53,0.56237,2.964,9.84474,2.89474,19.0,2006358454.0,1406547321.0,0.29851,,,-1111800000.0,,-0.007118164418917772,9.137999534606934,9.24940004348755,9.637520065307617,9.610856156349183,-5.183081615558116,-4.920026000283729,True,36.43137940483181,0.012198750682806625,True,41.7391673571909,1.6509630692638475,25.089079940815544,10.369999885559082,8.241676330566406,-11.880427816279838,42.11404802328619,-3.9116791306180843,-9.881664445658956,-6.478705061277568,11.473117990602976,16.486464755418357,-13.442623614171879,1.1797005801226281,False,15.38479712122106,Italia,-4.291115503142357,5.799956036333244,7.734082965495204,45.1,68.7,45.9,50.6,100.0,53.2,46.0,Dividendo sostenibile,2026-10-01T18:13:51.058049+00:00
BC.MI,BRUNELLO CUCINELLI,Consumer Cyclical,Luxury Goods,EUR,Italy,5372000256.0,6586275840.0,0.00070570427,30.150486,2.69,9.803922,3.6464171,21.603,4.471,26.790999999999997,7.6069996,9.36,17.124,54.584999999999994,20.694000000000003,217.133,1.354,0.593,1227437952.0,181460000.0,304871008.0,169665248.0,290843008.0,1.28,0.0,0.79,9.5,3.8,0.039,0.885,111944.91,2.62019,8.058,99.71579,2.0,19.0,68000000.0,33966000.0,0.50049996,11.156212850627252,2.34655848829948,100921000.0,15.251306902095173,0.07358351729211954,79.0,79.47100067138672,84.47240005493164,83.16661521911621,-6.4783290771577295,-5.009961278499276,True,41.61956355563968,0.44759884362182456,True,18.57277503568871,2.5174139952290377,44.43309702835941,100.84038543701172,69.43820190429688,-21.65837163588983,30.44946885856402,-5.817831918466254,-4.81927710843374,7.187203977650158,-11.102006888664507,31.63305481183668,-46.142326122173436,0.9862560172359318,False,-5.2841749701982526,Italia,3.158325389327755,141702.4159425874,26.22251898734178,47.1,56.7,60.0,46.1,100.0,53.1,47.0,Upside analisti,2026-10-01T18:13:51.058049+00:00
RMS.PA,HERMES INTL,Consumer Cyclical,Luxury Goods,EUR,France,136321105920.0,129959583744.0,30.62353,26.290422,3.08,7.16614,8.450877,18.418,8.057,25.452,18.089001,27.996,42.238998,71.341,43.742,11.984,4.537,3.632,2280000000.0,12309999616.0,7056000000.0,4914625024.0,5743000064.0,1.35,41.86,0.69,1.6,-0.3,-0.004,1.001,42.5,49.50472,181.618,1738.9546,2.13636,22.0,104741538.0,34218139.0,0.66982,50.82834710345092,-1.2755286230015472,4213000000.0,11.314199154056492,-0.0013859509103597567,1301.5,1379.65,1498.99,1733.1187823486327,-13.17487107986044,-24.90416622014363,False,29.6558961982615,1.2378083847380879,True,33.73967020825798,2.832303601397459,6.23099526723046,2227.5537109375,1301.5,-41.572677075775474,0.0,-15.04569190600522,-19.98155548724254,-20.43960304750414,-37.636874810706445,32.97169760332692,-53.207919996025566,0.9109747563769369,False,-22.591182904701224,Francia,3.605182771099397,3.2654628646664836,33.611571263926244,38.2,74.3,39.3,63.4,100.0,53.1,47.0,ROIC forte | Bilancio solido | Ipervenduto | Lontano dai massimi | Upside analisti,2026-10-01T18:13:51.058049+00:00
RYA.IR,RYANAIR HOLDINGS PLC,Industrials,Airlines,EUR,Ireland,23812548608.0,21789208576.0,12.837989,13.238166,5.33,2.5189083,1.5273461,6.368,1.398,22.408001,7.024,12.132,13.125,27.925,21.945999999999998,1.919,0.79,0.369,181900000.0,2803500032.0,3421600000.0,-217737504.0,3440100096.0,1.66,23.48,,1.0999999999999999,-33.1,-0.344,0.958,1.79,1.73589,9.123,28.56667,1.55556,18.0,1036229330.0,953746584.0,0.04217,24.91795923517291,-0.32387534228713,1802500000.0,12.992237786800963,-1.8739442281618168,22.979999542236328,22.85349988937378,23.547249565124513,25.34878999710083,-2.408986329037477,-9.344787088990925,False,47.79265991614897,0.12766820731014908,True,20.423379902209604,2.686702195181555,57.179430894465575,29.537992477416992,21.831501007080078,-22.20189114136487,14.903001444651437,0.0435360434513532,-15.791404950637055,-5.24810783472307,-4.715591001737051,34.4288956891613,-26.090098967385288,0.9314055944683427,False,-4.7591270451884045,Irlanda_Austria,-0.9143813523885028,7.789381966287711,24.311012049828772,60.7,53.6,39.5,57.6,100.0,52.8,49.0,ROIC forte | Bilancio solido,2026-10-01T18:13:51.058049+00:00
ISP.MI,INTESA SANPAOLO,Financial Services,Banks - Regional,EUR,Italy,110744903680.0,245352988672.0,11.389285,9.771268,1.82,1.631202,4.238066,,9.389,14.261,1.0,36.964000000000006,63.89,0.0,0.0,,,,265553002496.0,137623994368.0,,,3779000064.0,5.72,67.67,6.28,6.4,13.900000000000002,0.074,0.844,0.56,0.65273,3.91,7.28615,1.76923,13.0,17363579671.0,15501693410.0,0.054369997,,,6585000000.0,9.777253788359408,-2.1954579150431752,6.377999782562256,6.710249996185302,6.727460012435913,5.923173260688782,-5.1945344785055525,7.678764436827978,True,32.679456771972,-0.02948714373859641,False,21.019216773485127,1.9287903118163554,-38.846284665376515,6.916999816894531,4.801476955413818,-7.79239624982766,74.52166345510375,-4.133475130214603,2.260698962082164,22.84065563580866,22.286734745374083,23.555596042114217,-18.962136424504184,0.9562422940753447,False,26.420209875588686,Italia,5.946097545967001,8.780182425850262,14.238793483823397,53.0,55.1,51.2,49.9,100.0,52.7,50.0,P/E forward basso | Dividendo sostenibile | Buyback in corso,2026-10-01T18:13:51.058049+00:00
VWS.CO,Vestas Wind Systems A/S,Industrials,Specialty Industrial Machinery,DKK,Denmark,185216958464.0,192726499328.0,23.049818,15.352909,0.51,6.2933345,9.1248865,,9.495,30.938998,3.75,5.434,9.422,14.745,10.277,89.155,1.026,0.606,3535000064.0,3627000064.0,2086000000.0,521500000.0,2268000000.0,38.0,9.0,0.99,26.1,8.333,7.75,0.987,8.23,12.355965,30.143002,217.47025,2.16,24.0,976367759.0,982188419.0,0.00071000005,30.927441473554346,-0.4427106553722693,1008000000.0,9.120353125341229,-1.5257377576601616,189.6999969482422,206.62250061035155,199.18100067138673,182.76489074707033,-4.759994021109726,3.7945505686698855,True,37.880153512128565,-2.75416120203468,False,23.22118525590608,3.638872406504641,-0.17654429249773393,219.10000610351562,119.33218383789062,-13.418534156216843,70.53157171557987,-9.924030650312766,3.097824428392504,3.9823530302281362,56.486178134392404,43.94600858919144,-43.93156694433631,0.9860604788256201,False,66.41020878470516,Nordics,0.2815616908542218,4.338429049635012,14.639037163155377,46.6,49.7,59.9,58.4,100.0,52.6,51.0,ROIC forte | Bilancio solido | Dividendo sostenibile,2026-10-01T18:13:51.058049+00:00
ADS.DE,adidas AG                     N,Consumer Cyclical,Footwear & Accessories,EUR,Germany,24972718080.0,30247636992.0,18.28846,12.272424,0.54,4.192875,0.9589769,11.354,1.162,24.324,6.6989996,5.2950002000000005,8.513,51.576,10.229999600000001,94.127,1.391,0.574,5977999872.0,1562000000.0,2664000000.0,952300032.0,2311000064.0,1.9299999999999997,35.900003000000005,1.14,13.3,-2.4,-0.038,1.192,7.8,11.62362,34.022,198.73103,1.77419,29.0,175062879.0,169016207.0,0.070989996,15.491934580116942,1.3335437046386873,274000000.0,3.2959181527404846,0.06493116481067762,142.64999389648438,144.81749877929687,153.75699951171876,154.48298416137695,-7.223739830060783,-7.6597369795313615,False,40.696492668802,0.7524145278745005,True,36.78363281458658,2.5138027855607614,26.429208688229842,191.3097381591797,128.43960571289062,-25.4350587329788,22.602764827533818,-4.613847552303563,-23.05825318628052,11.063867803642392,-21.972041103288966,33.53674774015799,-49.80768119603602,0.7717117577064687,False,-17.358193550985405,Germania,3.813361561001533,5.467928956292656,39.31373186332661,52.2,53.5,53.0,51.2,100.0,52.6,51.0,ROIC forte | Upside analisti,2026-10-01T18:13:51.058049+00:00
ASM.AS,ASM International N.V.,Technology,Semiconductor Equipment & Materials,EUR,Netherlands,43740061696.0,42386382848.0,41.025642,28.889723,1.3,9.867732,13.002397,36.705,12.6,26.798,11.4580005,31.929000000000002,32.169998,51.834,34.327999999999996,1.585,2.169,1.651,70500000.0,1180099968.0,1154800000.0,235275008.0,986700032.0,37.0,14.87,0.6,20.0,41.5,0.41,1.52,21.84,31.01449,90.801,1128.5264,1.68421,19.0,48817034.0,46646993.0,0.047340002,24.204090235960862,-0.8607239972807614,592600000.0,9.590050818225349,-0.44048394249381895,896.0,831.8299987792968,828.6,789.3493211364746,8.13420226888728,13.51121436450644,True,62.09149793308341,10.790533298678683,True,14.39639240956383,3.660697257328619,89.96273200706709,1079.0,467.38031005859375,-16.960148285449495,70.07944593518047,12.337014471668617,-7.092495093581119,33.7728255722955,60.4510447197409,47.73752136639896,-36.22940515047579,0.8759299473451516,True,48.11403024807228,Paesi_Bassi,0.5378936354392837,2.4374999421093766,25.951607142857135,40.7,56.6,57.4,60.1,100.0,52.5,53.0,ROIC forte | Bilancio solido | Dividendo sostenibile | Trend rialzista | Upside analisti,2026-10-01T18:13:51.058049+00:00
SAN.PA,SANOFI,Healthcare,Drug Manufacturers - General,EUR,France,87578820608.0,104613732352.0,22.631578,8.052949,27.62,1.2654722,1.7902824,7.725,2.139,5.7090000000000005,5.093,8.091,21.033001000000002,73.452,27.685,33.89,0.987,0.487,23576000512.0,6350000128.0,13543000064.0,6298999808.0,11838000128.0,5.67,127.55000000000001,4.09,14.6,-91.2,-0.913,0.28,3.23,9.07742,57.765,94.05875,2.12,24.0,1198068685.0,1080143093.0,0.10313,6.725043179490263,1.01546598285119,7212000000.0,4.821973515282685,-3.665478177566661,73.0999984741211,73.81049995422363,75.48879959106445,75.60709217071533,-3.1644444339874123,-3.3159504282130103,False,44.15377471559261,-0.10550222555189448,False,17.183559630483938,2.012086042146681,36.94519836757192,85.65125274658203,71.47000122070312,-14.653906241857984,11.494029637958537,-5.2618001494238005,-1.8923683018172377,-4.127427542453099,-10.017471783032839,22.041434432059454,-28.12463602786651,1.0730906927901267,False,-4.7556716336090386,Francia,7.192377979368005,4.418604836127644,28.671343315142117,61.0,42.7,47.3,63.2,100.0,52.4,54.0,P/E forward basso | Buyback in corso | Upside analisti,2026-10-01T18:13:51.058049+00:00
CON.DE,CONTINENTAL AG                I,Consumer Cyclical,Auto Parts,EUR,Germany,,19668000768.0,,10.475176,6.36,3.2079961,,7.223,1.045,-8.303001,4.099,-1.4080000000000001,14.337,27.68,14.472,156.749,1.383,0.469,6874999808.0,815000000.0,2723000064.0,749000000.0,1928999936.0,4.02,44.879999999999995,2.7,-11.3,-45.9,-0.459,1.321,-2.06,6.43426,21.01,77.70833,2.07692,12.0,,108000000.0,0.46,2.5878696956708103,2.8291404612159328,1118000000.0,-20.668164921557665,0.0,67.4000015258789,69.54699974060058,69.66959991455079,67.23955797195434,-3.2576595695332333,0.23861482550417978,True,41.695140578155936,-0.2507896405094495,False,11.362530196467217,2.608323734789307,11.644769954046566,75.9800033569336,51.57499313354492,-11.29244729135921,64.84327704631733,-2.4601982428101743,-9.335479087822407,13.998686871841226,21.687981885897578,32.15039668998534,-23.173674511130304,1.2192336679208375,False,24.148180128707754,Germania,,,15.29425555007311,59.0,41.8,66.9,35.7,100.0,52.4,54.0,P/E forward basso | Dividendo sostenibile | Ricavi in calo,2026-10-01T18:13:51.058049+00:00
SGE.L,THE SAGE GROUP PLC ORD 1 4/77P,Technology,Software - Application,GBp,United Kingdom,8818167808.0,10499864576.0,24.48,17.01418,1.08,,3.3478239,16.773,3.986,75.564003,9.533,14.616999,22.304001,92.559,23.766000000000002,919.091,0.624,0.624,2022000000.0,518000000.0,626000000.0,632249984.0,530000000.0,2.31,55.02,2.09,9.700000000000001,14.299999999999999,0.089,0.327,0.4,0.57552,0.238,1131.056,1.78947,18.0,900548227.0,853458777.0,0.00874,21.526025048811846,1.890302066772655,469000000.0,8.878512531742345,-4.10969656763508,979.2000122070312,999.4200012207032,1015.3960009765625,921.6176879882812,-3.564716498264675,6.247962139750318,True,43.69932114285117,-4.675183093773967,False,16.750631937542444,3.0742868600413495,28.655030880876026,1174.7327880859375,783.5260620117188,-16.64487259247267,50.01804344186805,-7.184832966158172,17.410073406118865,14.724984771949657,-10.961571184676554,33.33313789373081,-41.85816231391025,0.9253931114864102,False,-3.776738218518382,UK,7.169856570731298,4.084967320261438,15.508168494677466,55.6,58.7,47.5,41.2,100.0,52.3,56.0,ROIC forte | Buyback in corso,2026-10-01T18:13:51.058049+00:00
CPG.L,COMPASS GROUP PLC ORD 11 1/20P,Consumer Cyclical,Restaurants,USD,United Kingdom,49615138816.0,58819518464.0,24.521008,17.85911,1.52,6.2377086,1.0233091,15.438,1.213,26.883000000000003,7.289,4.162,6.701,72.407997,7.858,113.105,0.698,0.622,9130999808.0,523000000.0,3809999872.0,1974125056.0,3617999872.0,2.33,55.92,2.93,10.7,16.3,0.163,0.649,1.19,1.6339,4.678,38.26316,1.66667,19.0,1700313227.0,1691303530.0,0.00082,15.316385784478756,1.545520231213873,2474000000.0,17.37612434589726,0.011061017813274177,29.18000030517578,30.296500205993652,31.07720001220703,30.51207552909851,-6.104796140855784,-4.365731274663265,True,35.711519307022826,-0.09169543237340916,False,17.52804973312887,2.731343333933214,12.330787920581983,34.512115478515625,26.96296501159668,-15.449980678985542,29.36801039129302,-4.076264852098033,-10.791803357073636,-0.4774358975693338,-12.666692088677756,27.455244364187543,-24.20911897268434,1.0964307659220276,False,-8.590427236579723,UK,3.978876413751723,4.07813577647379,31.12803152785815,46.8,54.8,54.2,54.6,100.0,52.2,57.0,ROIC forte | Upside analisti,2026-10-01T18:13:51.058049+00:00
OR.PA,L'OREAL,Consumer Defensive,Household & Personal Products,EUR,France,198012567552.0,214726377472.0,31.611395,24.943035,2.32,5.8485284,4.365857,20.748,4.734,19.409001,9.514,13.904001,21.294,74.380994,22.819,49.316,0.969,0.582,16712599552.0,4048800000.0,10349500416.0,6398387712.0,8988399616.0,1.9,61.12,1.57,5.800000000000001,5.4,0.053,0.89,11.76,14.90396,63.563,417.95834,2.0,24.0,532649814.0,231678651.0,0.57228,17.32157655384216,0.1917919658886894,7161600000.0,4.810457834032511,-0.09900451032525126,371.75,381.72750091552734,383.1840008544922,372.73480895996096,-2.983945266241439,-0.2642116958995189,True,41.20626659389354,-0.7369645465882719,False,10.226346014645909,2.0619882347694856,-9.914384232479536,395.33355712890625,338.2548828125,-5.96548324917846,58.68236708131188,-3.4415584415584455,-1.6534391534391513,8.05391952236485,1.3511063586805427,25.317932995655486,-23.14514833959557,1.0791139280331905,False,4.792664800238988,Francia,3.231303846570103,3.1634162301284077,12.429950235373234,24.2,70.7,56.7,63.3,100.0,52.2,57.0,ROIC forte | Bilancio solido,2026-10-01T18:13:51.058049+00:00
SAF.PA,SAFRAN,Industrials,Aerospace & Defense,EUR,France,135500890112.0,137684467712.0,35.16129,25.193964,1.86,9.341522,4.036489,22.483,4.102,27.49,4.774,11.564,14.601,46.811,18.243000000000002,33.745,0.918,0.579,5106999808.0,6669000192.0,6124000256.0,3562749952.0,6695000064.0,100.0,35.979998,0.79,16.0,-65.10000000000001,-0.653,0.957,9.3,12.9793,35.005,382.86365,1.90909,22.0,414375800.0,307720038.0,0.1674,55.19091139924808,-0.1232115805419963,3921000000.0,16.901019504039084,0.03337531280658279,327.0,329.93999938964845,340.1940002441406,315.1506118774414,-3.8783753489690986,3.759912776931773,True,43.78167304974342,0.7734628586336121,True,12.721633132735803,2.387912957228339,35.78223636112415,363.6000061035156,262.2533264160156,-10.06600811032322,63.886329363358676,-0.5171926205954969,-8.429013046499435,16.84598999793574,10.927257281508162,32.9950983935549,-23.617513957875104,1.0132839065001311,False,11.444449902103658,Francia,2.62931848569789,2.8440367233397863,17.083685015290516,40.9,60.1,51.2,60.6,100.0,52.2,57.0,ROIC forte | Bilancio solido | Dividendo sostenibile,2026-10-01T18:13:51.058049+00:00
ZAL.DE,Zalando SE                    I,Consumer Cyclical,Internet Retail,EUR,Germany,5426627072.0,5557899776.0,61.722218,11.976111,0.38,2.1220515,0.40161243,8.498,0.411,3.45,3.093,0.70200004,4.4710003,39.895,4.84,53.379,1.057,0.529,1369600000.0,1464000000.0,654000000.0,1473774976.0,1020600000.0,,0.0,,20.8,-21.6,-0.236,1.573,0.36,1.85536,10.471,35.07391,1.66667,23.0,244222642.0,221438190.0,0.114700004,10.709792242603108,-0.521167184883999,903800000.0,6.072727548462797,-0.4030169809286277,22.219999313354492,22.3060001373291,23.884400062561035,23.344250011444093,-6.968568374532891,-4.815964091964641,True,45.39335680049473,0.1330452439939126,True,13.419791956367561,3.102576485222326,46.654893830279754,30.239999771118164,19.084999084472656,-26.52116573566734,28.103989564384168,-3.684440367203057,-18.278783093357454,8.390240552948747,-18.2487157326366,42.24440454324294,-52.119922749031964,0.7448264645235138,False,-14.564275365433545,Germania,27.158213683123716,1.6201621270317927,57.848384715836374,57.5,44.0,52.9,57.0,100.0,52.2,57.0,FCF yield elevato | P/E forward basso | Bilancio solido | Upside analisti,2026-10-01T18:13:51.058049+00:00
AMS.MC,"AMADEUS IT GROUP, S.A.",Technology,Information Technology Services,EUR,Spain,21881305088.0,24407109632.0,17.19472,13.454918,1.22,4.783327,3.319423,9.843,3.703,26.466998000000004,9.6370004,19.858,28.209,44.629002,37.617,78.639,0.742,0.608,3607000064.0,976000000.0,2479699968.0,2912250112.0,2195399936.0,2.97,50.83,1.73,1.5,-2.6,-0.076,0.595,3.03,3.87219,10.892,69.06409,1.81818,22.0,419986676.0,419940477.0,0.02646,19.66343489882686,0.8868899672545074,1386300000.0,13.257258347675482,-1.2820557404778166,52.099998474121094,54.48099975585937,55.490999908447264,52.894425048828126,-6.1109034616800395,-1.501909840164961,True,36.70002123223394,-0.36488768201601296,False,23.531644251263653,2.644247219935516,11.533024021709991,67.20455169677734,45.71779251098633,-22.475491378630174,29.702971527484966,-7.787613320139652,0.8126899505905172,10.248801407611975,-21.40696909473676,29.183198002385364,-36.5150065807045,0.973166101609209,False,-13.619355774597107,Spagna,13.309307193002473,5.815738784929327,32.5606372796829,63.6,50.0,41.5,51.3,100.0,52.1,61.0,FCF yield elevato | ROIC forte | Bilancio solido | Upside analisti,2026-10-01T18:13:51.058049+00:00
EBS.VI,Erste Group Bank AG,Financial Services,Banks - Regional,EUR,Austria,44904960000.0,125367083008.0,12.930649,10.233657,5.12,1.8501921,3.4260287,,9.565,13.213,1.194,29.145,50.955003,0.0,0.0,,,,83075997696.0,17927000064.0,,,-19858999296.0,62.0,8.3900005,4.79,39.900000000000006,17.5,0.19,0.793,8.94,11.29606,62.48,129.21765,1.82353,17.0,388451224.0,336590824.0,0.2667,,,3286000000.0,11.889828115306965,0.07214147941727589,115.5999984741211,121.51500015258789,120.56200042724609,107.78027400970458,-4.1157262948032685,7.255246413376559,True,40.202126596077065,-0.38621837540492326,False,11.953877862214979,2.7693301451145276,-9.48267037809404,126.4000015258789,81.3988265991211,-8.544306108688327,76.0006198297367,-5.090315617645825,-2.775444078560052,23.49284900069881,34.24064654139425,29.677877313859145,-19.35921032752773,1.1802268499338062,False,39.33096215904007,Irlanda_Austria,7.31767715637649,7.733563876028186,11.779975523898845,52.9,50.0,52.2,54.4,100.0,52.1,61.0,P/E forward basso | Dividendo sostenibile,2026-10-01T18:13:51.058049+00:00
AAL.L,ANGLO AMERICAN PLC ORD USD0.623,Basic Materials,Other Industrial Metals & Mining,GBp,United Kingdom,42634506240.0,58162200576.0,,22.329458,1.4,3.2885973,2.1843686,8.542,2.98,-3.075,5.131,-13.936000000000002,26.042998,66.95400500000001,34.886003,73.759,2.768,1.762,17261000704.0,8865000448.0,6808999936.0,2612250112.0,5798000128.0,71.0,5.6102004,3.9,10.9,,,0.986,-0.88,1.781951,12.099383,4134.221,2.41176,17.0,1071487947.0,951818080.0,0.07,2.555653192735794,2.3077113198220465,2131000000.0,-19.16982972959592,0.26309416070322555,3979.0,4034.9,3983.37486328125,3635.239162597656,-0.10982805865391576,9.456347217515692,True,47.986036392379305,-8.666085754766861,False,12.56156744288823,3.6062734080671346,37.371843836340474,4306.0,2709.788330078125,-7.594054807245698,79.51399515729611,-3.7493952588292245,5.129943782710433,18.994273258080717,43.917200815643454,39.28752690213126,-25.121373640279497,0.6056284348149295,False,47.66659607447268,UK,6.127079547479709,,3.9010052777079585,55.3,42.5,63.1,46.3,100.0,52.1,61.0,Dividendo sostenibile,2026-10-01T18:13:51.058049+00:00
ABN.AS,ABN AMRO BANK N.V.,Financial Services,Banks - Diversified,EUR,Netherlands,33779087360.0,57866326016.0,14.910072,11.147537,1.34,1.2356905,3.7415915,,6.41,9.120000000000001,0.5740000000000001,27.692,43.5,0.0,0.0,,,,108966002688.0,86258999296.0,,,-35649998848.0,3.2,44.599998,7.58,11.799999999999999,32.300000000000004,0.289,0.737,2.78,3.71831,33.544,44.04211,1.8,19.0,814935713.0,549951217.0,2.0000001e-05,,,1843000000.0,4.553872459073882,-1.1820801813852477,41.45000076293945,43.20650005340576,41.23198204040527,33.15115520477295,0.5287611988202157,25.033352554096446,True,41.60785234481045,-0.2723841191634184,False,28.44288918470778,2.040779184846014,-27.510738420909252,43.95000076293945,23.452110290527344,-5.688282040049719,87.80362299542617,-2.0557630863857645,9.084862741759503,56.96368253430788,59.60559346058651,27.16205250042102,-17.970211402048886,1.0446579127960867,True,61.66135654697228,Paesi_Bassi,5.456038466517054,6.706875728031361,6.253580673943349,45.0,42.2,77.4,43.9,100.0,52.1,61.0,P/E forward basso | Trend rialzista,2026-10-01T18:13:51.058049+00:00
CARL-B.CO,Carlsberg B A/S,Consumer Defensive,Beverages - Brewers,DKK,Denmark,,165969592320.0,17.465256,12.088944,3.59,3.9099867,,9.017,1.838,20.44,5.2649997,7.081999999999999,14.610999999999999,44.990003,20.385,134.191,0.658,0.513,60111998976.0,9653000192.0,18406000640.0,7728750080.0,13937999872.0,3.4000000000000004,60.17,2.96,2.6,13.0,0.131,0.659,48.21,69.65041,215.346,1049.8636,1.78261,22.0,,92398184.0,0.06776,10.386024677741265,3.5089393503880424,6839000000.0,8.235923542004976,0.07078134474591824,842.0,859.35,891.2280029296875,867.3437622070312,-5.523614918725938,-2.9219974030298856,True,40.56231449120636,0.4162216170538553,True,9.16493364559948,2.35536175097993,16.430933832904078,981.8151245117188,714.6453247070312,-14.240473692157906,47.668065547105414,-3.2850880298599727,-10.004272982940032,5.513784461152893,16.030285749851547,23.838403501069074,-23.272129492737893,1.062567101736338,False,19.31537377971152,Nordics,,5.725653262683353,24.686888361045114,52.7,49.8,56.6,48.0,100.0,52.1,61.0,,2026-10-01T18:13:51.058049+00:00
GEBN.SW,GEBERIT N,Industrials,Building Products & Equipment,CHF,Switzerland,17175838720.0,18989144064.0,28.114407,25.21681,3.07,15.495999,5.3528967,20.538,5.918,54.099,14.014,19.413,24.618000000000002,73.067003,28.815,134.428,1.644,0.755,1490000000.0,155600000.0,924600000.0,482224992.0,851800000.0,2.36,68.4,2.36,6.5,12.4,0.11,1.043,18.88,21.04945,34.254,583.4375,2.875,16.0,32358401.0,32228644.0,0.0054900004,27.142485285515498,0.8305432552111459,702000000.0,-2.3030946726105173,0.11001140857926917,530.7999877929688,547.1100006103516,551.6640014648438,553.5795555114746,-3.7820147075891097,-4.114958273243829,False,38.164621728213646,-0.8107303527089265,False,16.510113859005767,1.952009164428329,6.82857180752998,638.6295776367188,493.3999938964844,-16.88452799865282,25.752324652654835,-6.219083428804106,-0.22556620432918617,1.217690450061526,-7.7153078187810475,22.273465716231243,-22.740817028497773,1.0118599665560013,False,-1.4962243899769412,Svizzera,2.8075775504254388,3.556895224572939,9.91663779531995,36.3,73.4,44.3,52.1,100.0,51.8,66.0,ROIC forte | Bilancio solido,2026-10-01T18:13:51.058049+00:00
ACA.PA,CREDIT AGRICOLE,Financial Services,Banks - Regional,EUR,France,51324121088.0,-340186234880.0,8.376238,6.798839,4.18,0.72931033,1.9721842,,-13.072,8.612,0.30899997999999995,25.315001999999996,43.591,0.0,0.0,,,,639134007296.0,1041207984128.0,,,-7903000064.0,9.68,55.86,7.99,-6.3,-14.799999999999999,-0.201,0.807,2.02,2.48866,23.2,20.79412,2.41176,17.0,3033340466.0,883441645.0,0.69498,,,17895000000.0,8.349051105717464,0.02393833948866053,16.920000076293945,18.235499954223634,18.799599914550782,17.097762179374694,-9.998084250729388,-1.0396805220228567,True,23.670147223900386,-0.10756113922008165,False,30.397037230236542,2.0792517525794985,-21.567176307730506,20.200000762939453,14.482246398925781,-16.237626548327967,42.63480944041365,-8.958832877047485,-5.2100856319377105,10.21348058028433,10.753261002285486,21.12871461616488,-16.688568702410777,0.9872022320240033,False,19.71209387933297,Francia,34.866646755270004,11.938533742713613,22.896689753175338,75.9,40.7,41.1,43.6,100.0,51.8,66.0,FCF yield elevato | P/E forward basso | Dividendo sostenibile | Ipervenduto,2026-10-01T18:13:51.058049+00:00
SAP.DE,SAP SE                        I,Technology,Software - Application,EUR,Germany,215536107520.0,213107769344.0,27.955091,22.311913,1.62,4.817232,5.6434884,18.121,5.58,18.320999,9.54,20.413,27.62,73.658997,30.792,21.966,1.148,0.982,9939000320.0,11624999936.0,11760000000.0,9090624512.0,9464999936.0,1.35,37.43,1.45,9.4,30.599999999999998,0.285,0.775,6.68,8.36952,38.765,209.80923,1.39286,26.0,1154204232.0,1029546400.0,0.15574999,17.510522315971574,-0.06162511389049946,8417000000.0,7.625552156258508,0.08311295724965362,186.74000549316406,184.13100051879883,178.96960021972657,164.54065467834474,4.341745896452531,13.491711734231359,True,56.74175148136273,-0.43775795958848285,False,16.338397109618654,2.9845120492580666,72.6221055354022,237.96127319335938,128.32000732421875,-21.52504355554301,53.28285632771782,2.9210774804025785,33.328579714591136,30.773579024496623,-18.177773267084984,40.962294713021194,-53.02269111753818,0.9116768177653833,True,-21.09885074748756,Germania,4.217680562481376,3.5771659623644223,12.353659541731377,50.4,51.1,54.9,51.0,100.0,51.8,66.0,ROIC forte | Bilancio solido | Trend rialzista,2026-10-01T18:13:51.058049+00:00
UCG.MI,UNICREDIT,Financial Services,Banks - Regional,EUR,Italy,119927504896.0,179422085120.0,11.28085,9.458331,0.84,1.6920917,4.8274164,,7.222,15.779000000000002,1.2259999000000001,43.967998,68.88200599999999,0.0,0.0,,,,247794008064.0,192975994880.0,,,17731000320.0,3.8,44.64,4.17,-9.2,-10.5,-0.131,1.059,7.05,8.40846,47.001,94.69833,2.05556,18.0,1507953015.0,1495477544.0,0.0,,,7259000000.0,5.9768624714767515,-2.507901943085622,79.52999877929688,83.36650009155274,83.54279983520507,74.05475231170654,-4.803287732544003,7.393511282765863,True,37.507205195328886,-0.27211908333347334,False,13.525382146216502,2.4075617563888976,-25.09773479701025,86.1500015258789,58.20107650756836,-7.684274671305058,76.31392712870002,-5.061475508750036,-2.798827822132355,30.581058851979925,31.48910762627304,30.94043076490544,-24.173443250987205,1.1421361393925185,False,36.550583135023075,Italia,6.052823333808984,8.864580239964187,19.07246504906488,50.7,59.2,52.4,38.2,100.0,51.8,66.0,P/E forward basso | Buyback in corso,2026-10-01T18:13:51.058049+00:00
HSBA.L,HSBC HOLDINGS PLC ORD $0.50 (UK,Financial Services,Banks - Diversified,GBp,United Kingdom,245821652992.0,-124627935232.0,13.556604,9.941295,0.88,1.9285002,3.6454747,,-1.848,13.104999000000001,0.782,37.797,58.768004,0.0,0.0,,,,837577998336.0,1219653009408.0,,,-70560997376.0,3.72,52.63999700000001,5.04,25.4,,0.672,0.571,1.06,1.4454858,7.4513865,1541.651,2.64706,17.0,17106587954.0,16978457160.0,0.0019200001,,,25105000000.0,9.753298884807426,-4.437128996356909,1437.0,1524.7000061035155,1531.4936059570311,1366.4126336669922,-6.170029413735756,5.165889468071949,True,32.99807971092622,-7.480589950860353,False,19.661653614568134,2.185196675087278,-15.920106482869128,1597.322998046875,963.8809204101562,-10.036980513203009,74.69018814711251,-7.002326856780994,-0.9600775499349234,17.644841398529955,36.81240079945023,27.13530640233499,-18.1330825813248,0.8855649449951855,False,43.81472765623123,UK,10.212688627887884,7.376478652028192,7.282602644398062,47.9,52.4,51.6,57.8,100.0,51.7,70.0,FCF yield elevato | P/E forward basso | Buyback in corso,2026-10-01T18:13:51.058049+00:00
IP.MI,INTERPUMP GROUP,Industrials,Specialty Industrial Machinery,EUR,Italy,3716131328.0,4150063616.0,17.68,14.758855,1.9,1.7249622,1.7865809,9.305,1.995,10.2510005,5.957,10.218000400000001,17.125,34.533,21.443,31.196,2.238,1.196,675324032.0,369576992.0,446016992.0,188465248.0,341576992.0,96.0,17.469999,0.74,1.0999999999999999,8.0,0.068,1.283,2.0,2.39585,20.499,46.8125,,8.0,105094207.0,78036652.0,0.26912,9.75260219659085,0.6413572662318038,232515000.0,-0.11691762130442429,-0.3332592255542499,35.36000061035156,35.61499996185303,36.1568000793457,37.71791166305542,-2.203733370335792,-6.25143585299136,False,46.04017421265283,0.06988621834948186,True,14.916202723566393,2.3826046780286205,42.014675679998305,50.470638275146484,30.65843963623047,-29.93946219268626,23.73063716858802,-1.7777760823567745,3.391812343668521,3.929233941382204,-10.851117115016851,37.25540228365686,-39.25490010827194,0.9801188258326109,False,-9.073341032660077,Italia,5.071544339134831,5.656108597285068,32.38828957003961,64.4,45.6,44.3,50.7,100.0,51.7,70.0,Bilancio solido | Dividendo sostenibile | Upside analisti,2026-10-01T18:13:51.058049+00:00
MB.MI,MEDIOBANCA,Financial Services,Banks - Regional,EUR,Italy,22107105280.0,55204720640.0,18.646257,14.684768,1.02,1.9094393,8.114619,,20.263,,,39.096,53.464999999999996,0.0,0.0,,,,58106884096.0,26001491968.0,,,3102262016.0,4.4,78.419995,4.79,15.1,15.8,0.151,0.73,1.47,1.86656,14.355,26.6,2.75,4.0,806534267.0,806573374.0,0.0,,,351842000.0,,,27.40999984741211,28.48249979019165,28.297999877929687,22.03249818325043,-3.1380310776315756,24.407135402601643,True,38.93289717062614,-0.08834938121143282,False,13.140578714671161,2.098629775136222,-12.28137207705237,29.049999237060547,14.916081428527832,-5.6454369456788385,88.39671058042829,-0.43589115960904756,2.276121745212656,71.2916915138182,76.59928320574369,31.265600721119256,-27.650239600127712,0.9416288114283285,False,77.03517436535273,Italia,1.5915335614668045,5.363006634521878,-2.955125326235941,33.0,58.5,73.3,39.1,100.0,51.6,72.0,,2026-10-01T18:13:51.058049+00:00
PROX.BR,PROXIMUS,Communication Services,Telecom Services,EUR,Belgium,1906098816.0,7219826688.0,5.267857,6.3785167,2.71,0.48182935,0.3112506,5.541,1.179,7.800999999999999,2.569,5.9270002,15.262999999999998,39.696,21.276999999999997,115.175,0.853,0.695,5548000256.0,441000000.0,1303000064.0,328624992.0,1574000000.0,9.94,53.56999999999999,12.13,-0.6,-11.600000000000001,-0.12,0.434,1.12,0.92498,12.245,8.06923,,13.0,323067571.0,142041273.0,0.58631,6.459201371583502,2.033182503770739,299000000.0,2.200769462736818,0.1878973685412344,5.900000095367432,6.226499938964844,6.249799966812134,6.643147187232971,-5.59697707610195,-11.186672083583293,False,37.31326141797497,-0.04346272261634029,False,16.3140804993345,2.3371693665424256,-0.06705187560394196,8.104389190673828,5.764999866485596,-27.199941210166834,5.770746557060612,-5.901114620169546,2.3417212837531842,-12.225402825285435,-12.21594349614783,28.41994038782965,-28.865708064468297,1.2171018414925463,False,-6.314828875978284,Belgio_Portogallo,17.24071119721004,18.98305136225224,36.76660795879996,71.3,43.2,40.8,47.2,100.0,51.6,72.0,FCF yield elevato | P/E forward basso | Dividendo sostenibile | Upside analisti,2026-10-01T18:13:51.058049+00:00
ABBN.SW,ABB LTD N,Industrials,Electrical Equipment & Parts,CHF,Switzerland,144126427136.0,147942293504.0,35.23009,26.719156,1.31,10.92521,4.031283,20.697,4.138,32.574999999999996,8.951,14.086000000000002,16.908,40.247001999999995,19.993,55.751,1.429,0.818,9146000384.0,5856999936.0,7148000256.0,1570499968.0,5904999936.0,1.18,43.2,2.11,14.2,8.200000000000001,0.07,1.008,2.26,2.9798846,7.287732,84.645546,2.84615,25.0,1810178699.0,1813983600.0,0.00028,22.95023184498937,0.625175611126721,4468000000.0,4.101688440859852,-1.090792357844994,79.62000274658203,79.52200012207031,79.91239990234375,74.2819885635376,-0.3658971024760094,7.186148737090603,True,48.99798536563168,0.060188954883758056,True,13.852656832456466,2.3532681543569813,51.293699801607,88.55999755859375,53.311073303222656,-10.09484536864036,74.63753858914014,2.7885407792915373,-8.587825325578502,20.126741419693595,41.75133503709172,28.149811935243836,-14.81480970966259,0.9996552755380452,False,38.962794257800184,Svizzera,1.089668285829393,2.8384826720567564,6.311910424586986,34.2,58.8,59.4,58.4,100.0,51.5,74.0,ROIC forte | Bilancio solido,2026-10-01T18:13:51.058049+00:00
SEB-A.ST,Skandinaviska Enskilda Banken s,Financial Services,Banks - Regional,SEK,Sweden,445702602752.0,653368623104.0,14.626675,14.515516,2.24,1.979172,5.9796157,,8.766,14.083000000000002,0.736,41.787,54.662997000000004,0.0,0.0,,,,1158076956672.0,958754979840.0,,,-90864001024.0,3.65,54.21,4.96,2.3,7.6,0.05,0.433,15.67,15.79,115.806,222.76471,2.64706,17.0,1920448684.0,1462501904.0,0.00053,,,33369000000.0,6.1300566292383785,-2.9128032331665277,229.1999969482422,230.02999877929688,225.10999938964844,194.68663650512696,1.8168884410657782,17.72764739412731,True,51.30036296507705,-0.28425615644184,False,25.673551035205275,1.651105655312446,43.99258615889916,235.89999389648438,165.89865112304688,-2.840185299530873,90.42875938833484,2.6881720797654607,15.233787823808154,28.945145962442865,31.925971414614217,18.888347580460678,-12.76961237388502,1.0235547639496858,True,29.237799334848756,Nordics,7.486830858505742,6.8368238167594475,-2.807716855989051,38.5,53.3,64.9,51.5,100.0,51.5,74.0,Trend rialzista | Buyback in corso,2026-10-01T18:13:51.058049+00:00
ATCO-A.ST,Atlas Copco AB ser. A,Industrials,Specialty Industrial Machinery,SEK,Sweden,1004020170752.0,1027846963200.0,37.6234,32.106087,2.55,9.444699,5.908886,24.34,6.049,25.698,10.741,15.665000000000001,20.565,42.187999999999995,24.853,33.668,1.272,0.864,35858001920.0,14709000192.0,42228998144.0,25972000768.0,30532999168.0,1.45,54.949999999999996,1.55,9.1,8.0,0.082,1.072,5.47,6.41,21.79,221.4762,1.7619,21.0,3317744716.0,3947466562.0,0.00029,20.937815955961394,0.4379792205435325,26379000000.0,6.0047573078785055,-0.0005431964039348536,205.8000030517578,202.69500045776368,203.90100036621095,186.01387557983398,0.9313356394212047,10.636909429604335,True,53.37913273653084,0.6321671391053566,True,16.57427738211086,2.3209677073853876,66.11420566899079,211.5,148.20582580566406,-2.6950340180814103,90.99443665898674,3.5992999622236566,5.673942516948816,23.683312314896533,35.0644087349731,28.724131522418105,-24.937658751187342,0.9284329418744354,False,31.465108772749442,Nordics,2.5868006962994836,2.6579203368116655,7.6171995703516515,30.2,60.7,63.7,55.6,100.0,51.5,74.0,ROIC forte | Bilancio solido,2026-10-01T18:13:51.058049+00:00
MC.PA,LVMH,Consumer Cyclical,Luxury Goods,EUR,France,187080294400.0,218844692480.0,17.281422,15.416702,1.53,2.7480884,2.349045,10.913,2.748,16.586000000000002,7.667,13.658000000000001,22.521,66.365,25.180000000000003,53.306,1.631,0.661,37150998528.0,12213999616.0,20053999616.0,11537125376.0,18639998976.0,3.3300000000000005,59.25,1.9,-2.9000000000000004,0.8,-0.0,0.837,21.96,24.61616,138.096,539.8115,1.92308,26.0,492965227.0,241746827.0,0.50329,12.572752120143615,1.0807350096711799,14205000000.0,0.6790272105436479,-0.5971101935308032,379.5,406.55250091552733,439.74,491.5296369934082,-13.699003956883615,-22.792041122621175,False,24.383898770477103,-0.5538952423722385,False,38.286993889316015,2.5261840526042483,-1.2607891730124428,641.6373291015625,379.5,-40.85443866999044,0.0,-13.553530751708431,-22.771671812445447,-17.38498897443952,-28.013092974381827,30.168748823352438,-53.89251889336315,1.1974257947868012,False,-14.459562222673396,Francia,6.166937791605271,5.786560851300316,42.24281949934125,52.8,58.5,40.8,50.5,100.0,51.2,77.0,Ipervenduto | Lontano dai massimi | Upside analisti,2026-10-01T18:13:51.058049+00:00
HEI.DE,Heidelberg Materials AG       I,Basic Materials,Building Materials,EUR,Germany,25614336000.0,33881020416.0,12.669565,10.128141,1.29,1.374606,1.1785321,8.3,1.559,11.698,5.242999999999999,9.1680005,11.246,64.252,18.781,50.409,1.374,0.924,9983099904.0,2192199936.0,4081900032.0,1235725056.0,3175300096.0,2.54,31.330000000000002,3.05,1.7000000000000002,8.799999999999999,0.075,0.908,11.5,14.38566,105.994,209.36842,2.0,19.0,175801909.0,124993399.0,0.284,10.054558257588562,1.2097817124506358,1840200000.0,0.5736145974806872,-1.157701172152159,145.6999969482422,149.94750061035157,157.9080010986328,181.6198991394043,-7.731086496855366,-19.77751466737211,False,40.155353387232395,-0.0373214009875289,False,29.992873375885594,3.2578724329995365,36.06496222450251,234.31500244140625,141.75,-37.81875021652679,4.267268237520482,-10.006175144515538,-16.909043697306714,-12.760096535335308,-21.96734796880131,36.86889652597144,-39.504513785690456,1.2923901687587525,False,-11.961172824285772,Germania,4.82434936435596,7.8929308149095885,43.69830088217166,60.2,57.5,31.5,52.8,100.0,51.1,78.0,P/E forward basso | Lontano dai massimi | Upside analisti,2026-10-01T18:13:51.058049+00:00
DTE.DE,DEUTSCHE TELEKOM AG           N,Communication Services,Telecom Services,EUR,Germany,124682649600.0,295617527808.0,14.646068,10.197495,1.95,2.0832667,1.011821,6.931,2.399,15.062999999999999,5.6770000000000005,7.013,23.536,44.887,34.612998,165.297,1.033,0.682,146755993600.0,5373000192.0,42652000256.0,17394624512.0,40804999168.0,3.83,56.18,3.21,4.3,-5.0,-0.063,0.325,1.78,2.55651,12.514,36.43889,1.55556,18.0,4782610264.0,4122083780.0,0.28594,10.211196722127509,2.662471991037132,21371000000.0,1.3704139638359258,-1.2734972145552304,26.06999969482422,27.578999996185303,27.985800018310545,28.345038223266602,-6.845615713086128,-8.026232000544464,False,30.875142887893873,-0.20396163517156396,False,23.5211936597174,2.300191849651826,10.042723829414761,33.01933288574219,23.850000381469727,-21.046255582948813,24.211133278459265,-8.36555713283339,2.476411743479301,-15.384614908409189,-7.570980797844595,26.902151834587272,-29.302071997257173,1.0970061302364318,False,0.7945763349887942,Germania,13.9511187545376,6.82777111235589,39.77326592464194,51.6,58.6,43.1,48.5,100.0,51.1,78.0,FCF yield elevato | P/E forward basso | Ipervenduto | Upside analisti,2026-10-01T18:13:51.058049+00:00
DG.PA,VINCI,Industrials,Engineering & Construction,EUR,France,58329026560.0,88702574592.0,11.72031,10.501277,2.11,1.9129741,0.7700303,6.941,1.171,16.318001,4.404,6.712999999999999,11.1870006,17.006999,16.871999,120.742,0.825,0.616,41346998272.0,15564000256.0,12780000256.0,8071124992.0,12147000320.0,4.72,55.489999999999995,3.69,2.3,10.8,0.096,0.731,9.01,10.05592,55.202,142.95,1.9,20.0,552358239.0,407732756.0,0.10829,13.839617112717328,1.4969603750091556,8013000000.0,6.588419295404835,-1.146888426427295,105.5999984741211,111.1,116.45300018310547,122.64880359649658,-9.319641135839873,-13.900506668181212,False,28.223055018356973,-0.24922953744829046,False,38.66841919622916,2.012087110523154,-13.805645869453437,138.23974609375,105.5999984741211,-23.61097191070767,0.0,-5.376344159530911,-15.68862397275761,-16.738303199509808,-5.0924318684256615,23.661554809142828,-23.61097191070767,1.0843799795326394,False,0.2839122911052492,Francia,13.837235880659962,8.532197527198512,35.36932013785217,74.0,41.6,36.5,48.3,100.0,51.1,78.0,FCF yield elevato | P/E forward basso | Dividendo sostenibile | Ipervenduto | Upside analisti,2026-10-01T18:13:51.058049+00:00
TSCO.L,TESCO PLC ORD 6 1/3P,Consumer Defensive,Grocery Stores,GBp,United Kingdom,29573984256.0,40673095680.0,17.585184,14.140631,2.07,2.6290143,0.4012099,9.248,0.552,15.459,4.935,2.424,3.968,7.6259999999999994,5.9660003,131.623,0.592,0.385,15079999488.0,4164000000.0,4398000128.0,2247000064.0,3905999872.0,3.09,52.580000000000005,3.71,7.199999999999999,53.7,0.456,0.567,0.27,0.33577,1.806,514.667,1.86667,15.0,6228724955.0,6085752725.0,0.021189999,9.76555639836636,2.4916897506925206,2240000000.0,4.110110445872284,-5.237791102471845,474.79998779296875,474.99999847412107,471.3720001220703,463.6616987609863,0.7272361680394024,2.4022447965287075,True,51.602599577980605,-0.7537420634242968,False,13.493188498852566,1.9872451982745596,49.03540146302065,501.79998779296875,413.11328125,-5.380629863853159,69.5557529956099,1.6920098521645777,1.7573899661788683,0.2955959338830638,4.98466146929506,22.517125935286597,-14.147982247124292,0.9339423824276626,True,3.292651617130482,UK,7.597894299764923,5.6866052695268925,8.396590823927074,54.5,37.9,59.1,57.2,100.0,51.1,78.0,Trend rialzista | Buyback in corso,2026-10-01T18:13:51.058049+00:00
AKZA.AS,AKZO NOBEL,Basic Materials,Specialty Chemicals,EUR,Netherlands,9502415872.0,13052804096.0,14.903225,12.942686,2.16,1.958042,0.9604221,12.222,1.319,14.142999,3.2750000000000004,6.428000000000001,10.776,40.287,10.7939996,130.976,1.884,1.477,6592000000.0,3464999936.0,1068000000.0,824625024.0,877000000.0,3.4799999999999995,53.220003999999996,3.07,-1.4000000000000001,12.5,0.121,1.179,3.72,4.2835,28.314,65.375,2.0625,16.0,171400000.0,153790364.0,0.00067000004,10.300849706498914,2.0441083805923124,606000000.0,-2.16080529203615,0.16658641159517096,55.439998626708984,57.59300022125244,59.79440002441406,56.265783290863034,-7.282289639041739,-1.467649814604377,True,33.553492088562734,-0.05288456065733382,False,18.667535207695956,2.1031380482790323,15.267449506022132,66.44000244140625,45.9072265625,-16.556296523917535,46.42709841294377,-7.723041050154123,-7.135681879044453,18.6827021928178,-4.292728953918634,37.27080830000532,-32.46244223198526,1.0105145051936972,False,3.4303120962354887,Paesi_Bassi,8.678056560646391,6.709957073049625,17.920277091249236,59.1,53.7,43.2,42.7,100.0,51.0,82.0,FCF yield elevato,2026-10-01T18:13:51.058049+00:00
IBE.MC,ACCIONES IBERDROLA,Utilities,Utilities - Diversified,EUR,Spain,138334224384.0,202895769600.0,25.912498,18.80221,2.88,2.6789868,3.112481,13.894,4.565,10.022,3.8219999999999996,15.883,24.47,53.891,32.856,100.03,0.753,0.622,62464999424.0,6608999936.0,14602999808.0,2561499904.0,11290999808.0,3.3000000000000003,84.900004,4.03,9.8,68.30000000000001,0.685,0.555,0.8,1.10253,7.738,20.69087,2.52174,23.0,6673141516.0,6215035646.0,0.0023999999,,3.1951917914454455,3317000000.0,-6.515503823992697,5.159120911014936,20.729999542236328,20.20250005722046,20.304899978637696,19.615479393005373,2.0935811752132105,5.681839973935987,True,62.432525611829064,0.07200017918954402,True,17.27988602143568,1.5242659850943179,97.98203707394781,21.41143035888672,15.8057222366333,-3.1825562572355914,87.84398327937801,5.415705960471473,-0.955569804220191,4.394495042733726,32.08434106703246,14.481867670703515,-8.156528611525138,1.14538427807857,False,26.668635106560988,Spagna,1.8516747503420188,3.859141638911077,-0.18875804679399089,41.3,52.2,60.3,52.6,100.0,51.0,82.0,,2026-10-01T18:13:51.058049+00:00
SREN.SW,SWISS RE N,Financial Services,Insurance - Reinsurance,CHF,Switzerland,40993820672.0,42988998656.0,10.175695,10.70593,0.8,2.0028205,0.9796353,6.279,1.027,20.356001000000003,3.161,11.889,18.709,20.563000000000002,16.360001,37.837,3.187,1.898,9443000320.0,7230000128.0,6846000128.0,1741124992.0,2433999872.0,4.51,48.720002,5.66,-5.2,1.0,-0.003,0.349,13.66,12.983459,69.40212,130.54387,,16.0,294919585.0,277156740.0,0.00105,16.27106173335702,,,0.32328821989400236,0.2885905850385839,139.0,139.05500106811525,138.72100036621094,127.2106393814087,0.2011228531026532,9.267590097746382,True,48.947319088453675,-0.08429773483063352,False,13.762590744918109,1.7978986300854365,49.41802671329961,144.60975646972656,114.44999694824219,-3.879237892846421,81.3998633983456,-2.2159648482139582,6.391126286719495,12.201658667295657,1.4974530662924757,20.889215364484155,-21.265374996391618,0.933518367285267,True,3.713417914506434,Svizzera,4.247286453075695,9.827338574908152,-6.083546762589931,54.5,54.1,49.0,40.8,100.0,50.9,84.0,P/E forward basso | ROIC forte | Dividendo sostenibile | Trend rialzista,2026-10-01T18:13:51.058049+00:00
IG.MI,ITALGAS,Utilities,Utilities - Regulated Gas,EUR,Italy,8382868992.0,19742392320.0,11.768572,10.307678,2.82,2.2210839,2.1661038,9.84,5.101,19.063,4.315,18.701999999999998,27.346999999999998,70.488,51.842999999999996,294.061,0.778,0.688,12106724352.0,1258513024.0,2006353024.0,305108640.0,1815543040.0,5.14,61.71,5.41,30.599999999999998,1.4000000000000001,0.249,0.675,0.7,0.79921,3.709,10.66667,2.4,15.0,1017585488.0,624216333.0,0.39433,5.928733907226552,5.652481150661776,537762000.0,17.13865135291348,17.56805972923543,8.23799991607666,8.352999925613403,8.694419975280761,9.624458918571472,-5.249574560485415,-14.405578684735032,False,38.081796545169475,0.02288366426463373,True,31.08263146010155,1.9161880716993016,23.83265905965642,10.71500015258789,7.515231609344482,-23.11712740305454,22.58814339113266,-2.161522073256228,-18.233249905366165,-16.578142529606787,10.390814559775396,21.48185470087598,-24.59169567296208,0.94447668797482,False,12.552336633031624,Italia,3.6396684749716774,8.497207647622838,29.48130746133817,60.4,58.3,36.2,41.9,100.0,50.9,84.0,P/E forward basso | Dividendo sostenibile | Upside analisti | Debito elevato,2026-10-01T18:13:51.058049+00:00
GRF.MC,GRIFOLS S.A.,Healthcare,Drug Manufacturers - General,EUR,Spain,6532211200.0,17752547328.0,14.542423,8.427504,0.24,1.1778132,0.8802333,10.79,2.392,6.933,4.231,6.091,15.902,37.789001999999996,22.17,117.243,2.373,0.697,9356000256.0,537000000.0,1645230976.0,572923392.0,1091000064.0,86.0,35.209998,1.48,-0.8999999999999999,32.9,0.313,1.19,0.66,1.13889,8.149,14.75833,2.0,12.0,422357065.0,418196485.0,0.31194,6.898636954451619,5.341255332114565,624000000.0,7.455995653944836,0.024427656688152943,9.597999572753906,9.672399950027465,9.874019927978516,9.740805387496948,-2.795420277029137,-1.4660575698016043,True,47.14694124380816,-0.0032862549060265756,False,10.94047328923922,2.327947009844622,39.33275518172032,12.212185859680176,8.586678504943848,-21.406374886229685,27.894608088130852,-3.030917335858996,5.891432429534738,7.058621541391608,-19.97799127443084,28.585681827521984,-43.270683241045184,0.7915743377399194,False,-16.947073938571844,Spagna,8.770742011525897,6.8764331776073355,53.76464531103815,70.5,37.3,48.9,41.8,100.0,50.9,84.0,FCF yield elevato | P/E forward basso | Dividendo sostenibile | Upside analisti | Debito elevato,2026-10-01T18:13:51.058049+00:00
GLEN.L,GLENCORE PLC ORD USD0.01,Basic Materials,Other Industrial Metals & Mining,GBp,Switzerland,63959166976.0,102247546880.0,16.038235,11.993318,0.21,2.0289302,0.20999895,8.083,0.336,16.04,3.168,1.781,2.8010001,3.405,4.153,124.234,1.06,0.325,45732999168.0,3736999936.0,12650000384.0,3196499968.0,5413000192.0,2.26,30.03,3.88,48.6,,,0.522,0.34,0.45466983,2.6876233,648.41174,1.7,20.0,11729170359.0,9175924434.0,0.13732,1.8412223197233262,3.736531579456427,-290000000.0,-1.1125303074485227,-3.7196521508611524,545.2999877929688,574.7100006103516,569.1527130126954,532.8423287963867,-4.190918302658531,2.337963469366655,True,40.10645561354614,-3.5576760331176622,False,15.493190885457874,3.1147399754178053,23.699999075701996,629.0,334.9278564453125,-13.306838188717208,71.53759237604704,-8.491363407955522,6.18325065308285,-3.036895425067143,60.440485179108386,31.778326580844286,-33.173484302133424,0.8631076351490354,False,68.93184858706391,UK,4.997719825212003,6.235100059326977,18.90917926192568,57.8,39.9,57.5,47.6,100.0,50.8,87.0,P/E forward basso | Buyback in corso,2026-10-01T18:13:51.058049+00:00
SIKA.SW,SIKA N,Basic Materials,Specialty Chemicals,CHF,Switzerland,28742690816.0,34951139328.0,27.646605,21.596487,2.53,4.2179737,2.5860069,18.037,3.145,16.042,6.039,9.370000000000001,14.255,55.24,17.434,89.155,1.3,0.868,6077899776.0,625299968.0,1937699968.0,1024162496.0,1678499968.0,2.01,57.099999999999994,1.49,-1.5,-0.6,-0.005,1.199,6.48,8.29533,42.473,200.05,1.9,20.0,160439241.0,159995593.0,0.00159,10.261921995472642,2.2946528487325453,1332500000.0,2.205156732235425,-0.0032871176680604464,179.14999389648438,185.33750076293944,186.10400146484375,158.4014123916626,-3.7366244216264333,13.098735163748998,True,41.011792891543536,-0.5715008099366745,False,13.055644731457155,2.403632901424968,12.543230296473851,195.5,122.84553527832031,-8.3631744775016,77.4962128395712,-4.478810460459071,4.0058019718341775,35.51437067477667,4.072669490980796,31.198789720473876,-54.92093755074387,0.938678669266242,False,8.551479951439866,Svizzera,3.5632102177082405,3.6170806505898283,11.666205311506728,39.4,61.0,56.9,42.5,100.0,50.7,88.0,,2026-10-01T18:13:51.058049+00:00
BAYN.DE,Bayer AG                      N,Healthcare,Drug Manufacturers - General,EUR,Germany,44602052608.0,80580042752.0,,9.408547,4.65,1.5076545,0.98296535,7.952,1.776,-5.6900002,3.183,-3.83,9.189,60.458,22.332,129.362,1.043,0.671,38430998528.0,5081999872.0,10133000192.0,6562999808.0,4783000064.0,23.0,163.27001,2.98,1.2,,,0.834,-1.76,4.8254,30.113,58.22222,1.88889,18.0,982424082.0,982420000.0,0.0001,-1.162769832582677,15.503383654346694,3443000000.0,-3.5146023097507695,0.0,45.400001525878906,48.87849998474121,48.61280006408691,42.865285320281984,-6.608955941588491,5.913214356694385,True,33.54105263296063,-0.30746169063557627,False,16.877230924447716,3.0433321547681227,-33.214116871926166,53.36000061035156,25.98055648803711,-14.917539342997044,70.92709753743614,-7.686048710534599,-11.293471560828316,15.941148265043225,56.353320354401305,42.4686367421025,-41.41137010388386,1.104416542431462,False,64.0393690649359,Germania,14.714569003541408,,28.242771020199587,72.9,32.5,60.7,26.2,100.0,50.7,88.0,FCF yield elevato | P/E forward basso | Upside analisti | Debito elevato,2026-10-01T18:13:51.058049+00:00
A2A.MI,A2A,Utilities,Utilities - Diversified,EUR,Italy,6982648832.0,13471629312.0,10.145455,10.569684,0.84,1.3429604,0.44950745,6.461,0.867,11.337,3.6089999999999995,4.423,6.5120004,16.499001,13.422,113.764,1.163,0.852,7414000128.0,1596999936.0,2084999936.0,-214375008.0,1676000000.0,4.6,47.47,5.16,31.4,-13.100000000000001,-0.129,0.796,0.22,0.21117,1.662,2.87714,2.0,7.0,3128426632.0,1420993945.0,0.5,8.195605951845994,2.3936832740213525,95000000.0,-15.705379771709161,-0.13237192424697675,2.2320001125335693,2.313700008392334,2.3053399991989134,2.297839823961258,-3.181304566390597,-2.8652872467928248,True,38.75251382655522,-0.011419149058101454,False,13.547109673748107,1.8842822746659393,-0.09130323110553289,2.5995287895202637,2.1233303546905518,-14.138280694114602,22.820267748649314,-0.4460298842042909,-3.6685283965079085,-7.1138467900718645,5.449649319195116,23.88190512593488,-17.21731775603047,1.0013404153069188,False,5.895679203399407,Italia,-3.0701101137660647,9.856630382767456,28.904115364677317,63.7,42.4,42.8,54.5,100.0,50.7,88.0,P/E forward basso | Dividendo sostenibile | Upside analisti,2026-10-01T18:13:51.058049+00:00
GIVN.SW,GIVAUDAN N,Basic Materials,Specialty Chemicals,CHF,Switzerland,30832599040.0,36107792384.0,32.54092,25.308828,4.59,7.0042253,4.1626296,22.824,4.875,22.337,7.079000000000001,12.879999999999999,18.820999999999998,43.729,21.358,110.755,1.291,0.743,4912000000.0,316000000.0,1582000000.0,605625024.0,1448000000.0,2.11,70.11,1.97,-1.7000000000000002,-20.0,-0.198,0.658,102.64,131.96976,476.855,3500.811,2.44444,18.0,9231317.0,9219409.0,0.17141001,14.166012550632779,2.058198097369894,1207000000.0,1.635781865509034,0.03198483977122635,3340.0,3306.75,3291.9,3063.050554199219,1.4611622467268104,9.041621772161212,True,51.157774695538286,9.732509412897663,True,22.4123292858044,2.022164577777089,57.94018850685506,3536.0,2606.0,-5.542986425339369,78.92473118279571,4.212168486739465,-3.244495944380066,23.475046210720897,6.691930466631368,25.01204150228165,-41.610712556367105,0.9920282626589616,True,2.4797619798919035,Svizzera,1.96423604514918,3.07305386571738,4.814700598802402,31.9,69.8,53.0,44.9,100.0,50.5,91.0,Trend rialzista,2026-10-01T18:13:51.058049+00:00
ORA.PA,ORANGE,Communication Services,Telecom Services,EUR,France,36717150208.0,85036728320.0,9.334459,12.049716,0.24,1.1537497,0.8849425,7.026,2.05,14.163,3.2509997,9.983,12.506999999999998,41.115,29.17,161.477,0.867,0.652,56751001600.0,11459999744.0,12103000064.0,6392249856.0,12344999936.0,5.47,50.68,6.15,5.5,,,0.241,1.48,1.1465,11.974,19.04375,2.0,16.0,2657774336.0,1919573903.0,0.21542,7.0768079073905,-0.38522142975617846,3313000000.0,1.0695863298145536,0.014263376039691522,13.8149995803833,14.880000019073487,15.62979995727539,16.26072084903717,-11.61115549688998,-15.040669422713115,False,27.88321729381478,-0.12269362692180807,False,33.15692859306206,2.328581920997129,17.040727965781496,18.27202033996582,12.611715316772461,-24.392599595753605,21.25829365520634,-11.0431434776321,-12.006371030459695,-21.28429163194413,9.790234011266353,24.296143522107798,-24.99461105716079,1.1328682957903362,False,20.833377488898453,Francia,17.40943896731736,10.712993650730052,37.84835742623762,58.0,46.8,41.5,57.8,100.0,50.5,91.0,FCF yield elevato | Bilancio solido | Dividendo sostenibile | Ipervenduto | Upside analisti,2026-10-01T18:13:51.058049+00:00
VOD.L,VODAFONE GROUP PLC ORD USD0.20 ,Communication Services,Telecom Services,GBp,United Kingdom,28679921664.0,71924891648.0,,11.652962,0.59,0.6592844,0.7088288,8.038,1.778,0.10899999,1.5230000000000001,-0.9809999999999999,7.7829999999999995,31.47,22.115000000000002,100.153,1.137,0.953,54448001024.0,14583000064.0,8947999744.0,5167374848.0,14291000320.0,3.2400000000000007,101.75,7.4,,,,0.333,-0.01,0.10649653,1.8823439,121.404015,2.5,16.0,23110332966.0,19695155461.0,0.00127,1.787012771775722,2.737997256515775,6973000000.0,2.4092797176310077,-7.523824314675231,124.0999984741211,126.94499969482422,121.97200042724609,112.50647933959961,1.7446611020734304,10.30475684829366,True,49.27203137848476,-0.9025798519427588,False,19.491274733379345,2.303985596148083,23.631155571446296,131.75,84.04460144042969,-5.806452771065585,83.96407585542703,3.936345802494401,25.760030492837394,9.55505092419784,44.02816131438121,29.4835604193739,-18.78705488269293,0.7248079973695204,True,40.09181551188681,UK,18.017395265365256,,-2.1724282895001723,54.5,28.1,68.2,57.3,100.0,50.4,93.0,FCF yield elevato | P/E forward basso | Trend rialzista | Buyback in corso,2026-10-01T18:13:51.058049+00:00
UCB.BR,UCB,Healthcare,Biotechnology,EUR,Belgium,38380376064.0,41926893568.0,17.782686,14.602342,1.09,3.2933054,4.502625,12.545,4.919,20.565,8.9770004,25.739,33.326,76.22,39.207,30.788,1.203,0.724,3588000000.0,766000000.0,3342000128.0,1098000000.0,1948999936.0,71.0,12.810000999999998,1.15,22.5,134.8,1.339,0.177,11.32,13.78546,61.124,285.0,1.6,19.0,190662572.0,120159366.0,0.36278,15.352668704256187,-0.002328288707799767,1842000000.0,11.951872295901534,0.167833593056943,201.3000030517578,208.6050018310547,218.00000061035155,243.38742919921876,-7.660549317356635,-17.292358231456284,False,35.208749441158275,-0.01622784533038324,False,18.34249851757792,2.8210703467114375,1.3711037658702585,283.6100769042969,201.3000030517578,-29.022267033309358,0.0,-8.707481609180135,-20.87263841143526,-23.093980851024142,-19.99587498724957,33.180349781211724,-29.022267033309358,1.1335004352478546,False,-11.288393378069436,Belgio_Portogallo,2.8608370021415745,5.623447436455887,41.579729597282444,49.0,63.0,29.2,63.6,100.0,50.4,93.0,ROIC forte | Bilancio solido | Dividendo sostenibile | Upside analisti,2026-10-01T18:13:51.058049+00:00
SGSN.SW,SGS N,Industrials,Consulting Services,CHF,Switzerland,18566467584.0,22867204096.0,27.635294,20.98094,5.47,18.43799,2.5765288,17.55,3.173,76.313,8.1379995,9.200999999999999,13.114001,44.185,18.082,464.47,0.952,0.932,5216000000.0,1300000000.0,1303000064.0,756124992.0,1283000064.0,3.36,94.12,3.63,7.6,-3.6999999999999997,-0.016,0.575,3.4,4.47835,5.096,101.73684,2.31579,19.0,197599697.0,169090013.0,0.14262,22.30808796552741,1.706781914893617,968000000.0,1.4980720518790847,2.239299121262528,93.95999908447266,93.38800010681152,94.1084001159668,90.17040092468261,-0.1576915889668462,4.202707452698817,True,51.119704856882386,0.1637540851243141,True,21.44580272284473,1.5361720923700817,61.38974767500479,98.04000091552734,79.40310668945312,-4.161568536265192,78.10793052982777,1.666307018002966,-1.1155520901306004,13.780583291181348,19.404191213854993,17.294049112165,-13.587629492637564,1.0443115514739116,False,17.737884195852025,Svizzera,4.072530159972944,3.6185611052301456,8.276757121438184,41.9,59.8,55.9,39.6,100.0,50.4,93.0,ROIC forte,2026-10-01T18:13:51.058049+00:00
MAERSK-B.CO,A.P. Møller - Mærsk B A/S,Industrials,Marine Shipping,DKK,Denmark,336447078400.0,342436478976.0,22.706726,28.524014,0.38,0.95271146,5.979793,58.011,6.086,4.3740000000000006,1.939,4.0749997,9.100999999999999,20.996000000000002,10.491999999999999,30.997,2.029,1.897,17472000000.0,18489999360.0,5903000064.0,3277874944.0,8429000192.0,2.03,47.18,9.39,20.0,128.9,1.155,0.554,1028.77,818.9591,24519.49,19310.053,3.31579,18.0,4862849.0,7911271.0,0.3114,5.733567552004034,0.8835420393559928,4962000000.0,-12.837761638360568,-6.627609591794581,23360.0,22968.0,20779.2,16850.354038085938,12.420112420112407,38.63210201519009,True,57.88025216975278,-82.71851145181881,False,43.821298022777114,3.31031396136015,68.00616401883303,24040.0,11680.6083984375,-2.828618968386021,94.49811105658281,10.136727958510129,47.941735275490814,42.092457420924575,86.35215751384204,39.75170297935308,-22.919977592313767,0.907864866057138,True,76.21542955533192,Nordics,0.9742616757405613,4.403981445850009,-17.337101883561644,38.7,33.5,81.1,56.6,100.0,50.4,93.0,Bilancio solido | Trend rialzista | Buyback in corso,2026-10-01T18:13:51.058049+00:00
DGE.L,DIAGEO PLC ORD 28 101/108P,Consumer Defensive,Beverages - Wineries & Distilleries,GBp,United Kingdom,35533176832.0,58622210048.0,27.084745,11.8771105,0.54,4.371529,1.8089485,9.118,2.984,14.985000000000001,7.481999999999999,8.843,27.039,59.818000000000005,32.729,171.345,1.604,0.487,22196000768.0,1780999936.0,6429000192.0,2568499968.0,4392000000.0,2.74,106.60000000000001,3.07,-1.7000000000000002,,,0.322,0.59,1.345445,3.6554716,2043.2574,2.0,22.0,2223603196.0,2218969596.0,0.00083,8.806417999896844,3.3795357960117687,3195000000.0,-1.5013877293924671,0.10162368780219921,1598.0,1621.275,1664.12,1590.3048089599608,-3.9732711583299163,0.4838815173470845,True,42.166550120758615,-0.5325925379930965,False,10.329728168477045,2.198613515178858,15.395793358069906,1873.7452392578125,1362.314697265625,-14.716260966567408,46.083540849223525,-5.611340815121091,4.17209908735332,14.567550645940418,-10.938796247879235,31.51535383616819,-57.982587148217824,0.8508371449641786,False,-5.3274554327581445,UK,7.228455761621894,3.6921152479006167,27.86341677096371,45.6,55.8,57.6,37.1,100.0,50.4,93.0,P/E forward basso | Upside analisti,2026-10-01T18:13:51.058049+00:00
EN.PA,BOUYGUES,Industrials,Engineering & Construction,EUR,France,15622848512.0,27670403072.0,12.49847,10.431103,1.84,1.2578868,0.27735,6.019,0.491,9.711,2.2850001,2.2230001,4.8340000000000005,56.838,8.161,103.048,0.888,0.787,14707000320.0,4835999744.0,4597000192.0,3042249984.0,5439000064.0,5.04,64.22,5.43,-1.0,12.6,0.158,0.674,3.27,3.91809,32.491,60.11111,2.0,9.0,382257126.0,200639902.0,0.47204,7.683897349286503,1.3256339006599513,2971000000.0,8.606985144018541,2.079188703042556,40.869998931884766,43.56949996948242,45.52780006408691,47.198138122558596,-10.230674721039945,-13.407603440291771,False,23.87797126147163,-0.15833705032585754,False,39.39459678043193,1.9731478768104727,-13.88406873601206,53.0,35.638668060302734,-22.886794468141947,30.132082548461725,-6.795894289471938,-14.712019003434184,-14.92976111896268,14.064740090184369,22.519862516988987,-22.886794468141947,1.0353200531859752,False,20.860634379656307,Francia,19.473081248040202,8.000979319868753,47.078814707539074,74.7,35.6,41.3,46.5,100.0,50.4,93.0,FCF yield elevato | P/E forward basso | Dividendo sostenibile | Ipervenduto | Upside analisti,2026-10-01T18:13:51.058049+00:00
NN.AS,NN GROUP,Financial Services,Insurance - Diversified,EUR,Netherlands,19794122752.0,-33309968384.0,11.2271385,8.563924,0.87,0.9480515,1.4107422,,-2.374,8.754000000000001,1.502,13.278,31.192999999999998,56.61000000000001,35.841998000000004,62.156,70.576,65.511,13118000128.0,66938998784.0,5029000192.0,-3256750080.0,-2372999936.0,5.19,57.230000000000004,6.6,-4.5,199.70000000000002,1.726,0.532,6.78,8.88845,80.291,82.42231,,13.0,260038379.0,248308104.0,0.0001,7.580656393946618,,,,-1.958271811750456,76.12000274658203,79.05799942016601,78.60766143798828,70.59629999160767,-3.164651696665355,7.824351638302596,True,37.931457130305105,-0.33684158502248024,False,12.875574140444122,1.720750899506714,-2.6797603222066253,81.0999984741211,55.59776306152344,-6.140562048380527,80.4723168500004,-2.8089848784659477,2.4447946935548526,15.512091940076633,36.77198436496176,17.03007329783672,-7.905136836348703,1.1115321811256027,False,39.58096924342771,Paesi_Bassi,-16.453116517482126,8.906989078294526,8.279436450363175,53.1,41.4,52.7,59.2,100.0,50.4,93.0,P/E forward basso | Dividendo sostenibile,2026-10-01T18:13:51.058049+00:00
PRY.MI,PRYSMIAN,Industrials,Electrical Equipment & Parts,EUR,Italy,37364367360.0,40609910784.0,25.902489,20.541872,0.62,5.144211,1.7508255,18.351,1.903,22.361,5.223,6.6300004999999995,8.137,36.601,10.37,74.976,1.246,0.765,5482999808.0,1332000000.0,2212999936.0,471875008.0,1892000000.0,73.0,18.67,1.32,22.6,12.9,0.179,0.936,4.82,6.07783,24.27,156.70589,1.76471,17.0,299274068.0,292249275.0,0.0,15.205365061513168,1.2671178343949046,1371000000.0,6.940592757821373,-0.035820436953082346,124.8499984741211,124.01999969482422,123.35899963378907,118.89066459655761,1.2086664489484367,5.012448957019311,True,51.51090144049848,0.20962934882518386,True,12.829015687200865,3.6901766496115975,56.84386131656141,156.89999389648438,80.20222473144531,-20.427021458973694,58.212610651819915,4.827875796530257,-12.844678203056825,20.07689781259705,42.93244948336983,41.20307146371875,-26.896111274601996,0.8827316774759333,True,38.10457368683957,Italia,1.2629011042888965,3.860632852696125,25.515331930486163,49.2,44.1,57.9,52.6,100.0,50.3,100.0,ROIC forte | Dividendo sostenibile | Trend rialzista | Upside analisti,2026-10-01T18:13:51.058049+00:00
SRG.MI,SNAM,Utilities,Utilities - Regulated Gas,EUR,Italy,18574391296.0,37671350272.0,16.769695,12.664774,2.07,2.2450304,4.6378007,12.388,9.406,12.379999999999999,3.2079999999999997,28.639,49.075,87.166,75.92999999999999,234.16,0.761,0.561,21812000768.0,2944999936.0,3040999936.0,-246624992.0,3401999872.0,5.4,91.269994,5.61,9.700000000000001,26.700000000000003,0.27,0.63,0.33,0.43696,2.465,6.491,2.7,20.0,3356413315.0,2054427026.0,0.38799998,5.975375042177402,5.537604456824512,-21000000.0,3.285245190487962,0.04158855561842145,5.533999919891357,5.566600036621094,5.73507999420166,5.999130716323853,-3.5061424516066197,-7.753303243865939,False,39.69761906317703,0.011854575840160413,True,35.36050665525101,1.596766067890542,37.72281414035903,6.616458892822266,4.803317070007324,-16.360095187853318,40.299266206855926,-2.2261471893565865,-11.11467926305144,-15.163817287909165,15.395003537226382,15.975960074678078,-17.811018094916875,0.9186369854918582,False,17.621150726582968,Italia,-1.3277689054236235,5.963137671853901,17.293098915104977,50.0,60.4,42.3,43.8,100.0,50.3,100.0,Debito elevato,2026-10-01T18:13:51.058049+00:00
EDP.LS,"EDP, SA",Utilities,Utilities - Diversified,EUR,Portugal,19838689280.0,45700771840.0,16.548275,15.453726,2.66,1.6395626,1.2623428,11.794,2.908,8.866,2.4030002,7.460999999999999,13.859999,40.550998,24.656,145.948,1.091,0.847,24550586368.0,3207435008.0,3874842112.0,-948416000.0,3470640128.0,4.23,70.809996,4.72,4.0,28.599999999999998,0.26,0.575,0.29,0.31054,2.927,5.21136,1.68182,22.0,4133921624.0,2547507695.0,0.29064,7.368662311234206,3.8025864636000177,-1004264000.0,-8.912027081054086,-0.7201923089120377,4.798999786376953,4.768300032615661,4.649819974899292,4.354292067289353,3.2082921980413293,10.21308888368715,True,54.31344438066688,-0.00327653161975381,False,16.412292567515795,1.7677249264005335,60.82633034405526,4.855000019073486,3.539598226547241,-1.1534548398873135,95.74272796230693,2.828368859252617,4.804537898557082,6.968740105433624,20.375082214740424,23.082359524207313,-16.76028562941446,1.1756498569963818,True,17.546713355487807,Belgio_Portogallo,-4.780638411208585,6.0429259243032885,8.59262829712193,51.1,42.3,61.0,47.2,100.0,50.3,100.0,Dividendo sostenibile | Trend rialzista,2026-10-01T18:13:51.058049+00:00
BEI.DE,BEIERSDORF AG                 I,Consumer Defensive,Household & Personal Products,EUR,Germany,16521181184.0,14055506944.0,17.618605,18.754936,6.15,1.8356715,1.7180929,8.896,1.462,10.886999999999999,6.235,9.7550005,15.468000000000002,57.133995999999996,16.431,1.221,1.998,1.501,110000000.0,2841999872.0,1580000000.0,559750016.0,1021000000.0,1.3,23.26,0.74,-4.5,1.9,-0.002,0.488,4.3,4.03947,41.271,82.0,2.7,19.0,218072613.0,89082662.0,0.54198,13.05276012654297,-0.6432748538011696,322000000.0,3.8397646535456076,-2.101397320369769,75.76000213623047,75.77999992370606,77.93079971313476,81.06686862945557,-2.785545105266529,-6.54628281928834,False,45.44447351824197,0.26303456681055015,True,17.433660940215844,2.269129605614601,49.68732368326148,108.21956634521484,67.30000305175781,-29.994173239837274,20.674705210809023,-1.6359316563919424,0.15864985133573484,4.342918016222419,-15.403845924482074,30.68154512632728,-53.27805111098517,0.9845510143522241,False,-13.76791426809013,Germania,3.3880750399498796,5.675818261434433,8.236533378851885,44.5,52.9,48.6,59.2,100.0,50.3,100.0,Bilancio solido | Buyback in corso,2026-10-01T18:13:51.058049+00:00
BAMI.MI,BANCO BPM,Financial Services,Banks - Regional,EUR,Italy,23092897792.0,50491117568.0,12.07874,10.7421465,1.81,1.4785542,4.3299236,,9.467,12.613,0.928,36.146998,61.568,0.0,0.0,,,,51835170816.0,25400147968.0,,,-7279021056.0,6.280000000000001,78.74,6.79,-5.5,-18.7,-0.175,0.49,1.27,1.42802,10.375,15.88462,2.84615,13.0,1505404019.0,1201103876.0,0.0,,,-4055161000.0,12.242609361334523,0.13263010858728386,15.34000015258789,16.10199999809265,16.25819995880127,13.724404277801513,-5.647610489107802,11.77170128542131,True,35.03099845786514,-0.051375439930208974,False,17.76467637418016,2.451866179084698,-28.21962172060927,17.18000030517578,10.794532775878906,-10.710128753801929,71.18456645271675,-4.512918502135954,-2.0121340514613784,32.39564488811668,31.363415712953824,25.863793524401025,-14.778325456957663,1.220404514902385,False,35.87633421508978,Italia,-17.560208495812148,8.2790092344069,3.55032491521996,46.3,52.6,54.8,45.7,100.0,50.2,104.0,P/E forward basso,2026-10-01T18:13:51.058049+00:00
CABK.MC,"CAIXABANK, S.A.",Financial Services,Banks - Regional,EUR,Spain,83554050048.0,133013266432.0,14.321428,10.980686,0.94,2.1640582,5.310414,,8.454,16.159001,0.909,39.043,57.416,0.0,0.0,,,,56872001536.0,11621999616.0,,,-5313999872.0,3.9699999999999998,59.81999999999999,5.18,12.6,11.600000000000001,0.101,0.114,0.84,1.09556,5.559,13.16524,2.33333,21.0,6945474190.0,3490973512.0,0.49363,,,3439000000.0,,-1.5412687358428045,12.029999732971191,13.046500062942505,12.992999973297119,11.406486749649048,-7.411685078927577,5.4663017369597,True,29.818853269832402,-0.11066958265809854,False,22.78871034838621,2.4715278228998367,-25.352265300401942,13.524999618530273,8.252415657043457,-11.053603901850162,71.64578323495286,-8.967085932152951,-5.535924167350936,18.991099322400707,41.632841689901866,25.835612998825454,-14.057841559768125,1.137970101860237,False,50.59992762205482,Spagna,4.11589862852174,6.982543919503,9.436743908791634,42.5,55.8,51.3,51.6,100.0,50.1,105.0,P/E forward basso | Ipervenduto,2026-10-01T18:13:51.058049+00:00
TTE.PA,TOTALENERGIES,Energy,Oil & Gas Integrated,EUR,France,164538187776.0,202116087808.0,10.568794,7.9428678,0.8,1.4635621,0.8378476,5.098,1.029,14.479999,5.513,9.083,12.788999,37.682,20.19,48.045,1.061,0.533,62917001216.0,31716999168.0,39650000896.0,13531374592.0,33038999552.0,4.76,49.310002000000004,5.18,27.800000000000004,106.0,1.024,0.06,7.05,9.380743,50.910038,88.123924,2.0,22.0,2208269731.0,2046253575.0,0.08863,9.866574938123355,0.9244608019766305,10390000000.0,-11.52755255674791,-4.682376013670364,74.51000213623047,77.74075508117676,76.07889419555664,69.88000469207763,-2.0621909347070977,6.625639858718757,True,39.223816380831174,-0.51323691354936,False,16.192009246684226,2.240971630514307,-4.476553970069916,80.11601257324219,47.427223205566406,-6.997365766159036,82.85035773593007,-3.7309834887696236,12.254110891189264,-3.7104815562931104,52.6182563231286,23.017711088009605,-21.825152598865127,1.0922763690527486,False,56.34923981189822,Francia,8.22385050844332,9.461817497814792,18.27126757945665,58.9,52.7,35.1,52.0,100.0,50.1,105.0,FCF yield elevato | P/E forward basso | Bilancio solido | Dividendo sostenibile | Buyback in corso,2026-10-01T18:13:51.058049+00:00
JMT.LS,"J.MARTINS,SGPS",Consumer Defensive,Food Distribution,EUR,Portugal,11073011712.0,15923825664.0,17.445545,13.223562,1.43,3.5353131,0.30026877,7.958,0.432,19.978,5.1609997,1.727,3.1780000000000004,20.833999,5.426,179.457,0.612,0.336,6018999808.0,1584999936.0,2000999936.0,695374976.0,2284999936.0,3.63,64.129996,3.02,4.0,-0.5,-0.007,0.506,1.01,1.33247,4.984,22.81818,1.54545,22.0,628434220.0,274877128.0,0.56183,14.09018981228272,1.3824267782426778,1368000000.0,12.341162929214278,0.0,17.6200008392334,17.96450004577637,17.69020004272461,18.791745481491088,-0.39682537971118537,-6.235422054921925,False,45.25704383304125,-0.044830942076110866,False,16.379477042312985,1.9825926764752053,10.320087157082746,21.701215744018555,16.18000030517578,-18.80638832831313,26.081223419157794,-2.973562845352462,7.833541460786253,-11.130194130196724,-11.988001423366168,25.244052342812495,-27.50764491497788,1.0641509249119472,False,-9.014438578013706,Belgio_Portogallo,6.279908249771027,5.732122441574626,29.501582935184256,55.0,44.8,48.3,53.5,100.0,50.1,105.0,Upside analisti,2026-10-01T18:13:51.058049+00:00
SAND.ST,Sandvik AB,Industrials,Specialty Industrial Machinery,SEK,Sweden,449697349632.0,510975246336.0,26.71386,26.360292,1.38,4.478283,3.4828942,17.429,3.957,17.908001000000002,8.124,13.05,19.686002,40.335,22.705999,42.909,1.639,0.828,43121000448.0,3620000000.0,29316999168.0,14508099584.0,20657000448.0,1.6,44.709998,2.28,23.7,62.9,0.628,1.326,13.42,13.6,80.053,389.9524,2.61905,21.0,1254385923.0,1023892573.0,0.18295999,12.820562897827681,1.120848869219779,15382000000.0,2.4182309478812503,0.0,358.5,379.2300003051758,372.8840008544922,364.2723983764648,-3.857500139863912,-1.5846378705034914,True,39.55100653180482,-1.7393262294924936,False,11.021584712648782,3.0262819020431238,-0.09715409970118205,411.79998779296875,257.4151306152344,-12.94317371853958,65.47589655661142,-3.1342896277259613,-11.829809488805054,-2.0470731261929,39.91125346001814,31.29807185091023,-18.528409435341786,0.9710053411266534,False,43.0455430877441,Nordics,3.2261919257190166,3.7433751618073914,8.773333333333344,43.3,52.4,50.6,57.2,100.0,49.9,108.0,,2026-10-01T18:13:51.058049+00:00
RAND.AS,Randstad N.V.,Industrials,Staffing & Employment Services,EUR,Netherlands,6142526976.0,7990290944.0,19.66854,12.073371,1.05,1.5739783,0.26663744,12.603,0.347,8.3100006,3.0369999,1.393,2.493,18.361999,2.7520001,53.49,1.226,1.166,2092000000.0,258000000.0,634000000.0,360500000.0,657000000.0,4.62,91.010004,4.81,1.7999999999999998,81.89999999999999,0.787,0.981,1.78,2.89977,22.243,36.82778,2.94444,18.0,175450661.0,77242154.0,0.38189,6.614667305764955,1.7881656804733728,799000000.0,-5.755062668754796,0.05112840512291328,35.0099983215332,36.72650012969971,37.931599884033204,29.282119216918947,-7.702289308734933,19.56101285628513,True,33.19644082152692,-0.23579470517837497,False,23.28932633433697,2.88562002717813,10.948033162049468,40.43000030517578,21.358402252197266,-13.405891522955837,71.5807664958831,-9.253507879949963,23.666545326682463,56.364445180464664,1.577834981829751,37.04084142709047,-55.124906596665824,1.0821985414697515,False,10.831342861779714,Paesi_Bassi,5.868920094425972,5.084261465263817,5.192178707842876,59.6,31.2,67.1,38.8,100.0,49.9,108.0,,2026-10-01T18:13:51.058049+00:00
KNEBV.HE,KONE Corporation,Industrials,Specialty Industrial Machinery,EUR,Finland,26183690240.0,26112956416.0,27.758242,20.49468,1.79,11.383506,2.3031385,17.046,2.297,41.426998,9.659000500000001,8.303001,10.9680004,57.098000000000006,13.475001,29.332,0.992,0.686,684400000.0,1130599936.0,1531900032.0,1051974976.0,1399100032.0,3.52,98.9,3.57,3.1,-13.200000000000001,-0.13,0.813,1.82,2.46503,4.438,60.40476,2.33333,21.0,442074920.0,366970726.0,0.27951,31.797853842555625,0.24740679272123764,1162100000.0,1.0240105225488128,0.06386397084350293,50.52000045776367,50.799499893188475,50.93360008239746,54.118258018493655,-0.8120368950254697,-6.648879125969575,False,46.04704968897591,0.023616076018152146,True,16.993214414593943,1.837271512108649,41.434345865750814,62.10386657714844,46.720001220703125,-18.652407261945157,24.701199269587192,-2.055062690309606,-0.15809885132375134,-8.84156960136343,-9.960706648051698,20.86239944422362,-31.19787821463438,0.8253038076901611,False,-7.905643957742091,Nordics,4.017672705251191,3.6025336186636028,19.566032170764338,44.3,61.4,41.5,51.6,100.0,49.8,110.0,ROIC forte | Bilancio solido,2026-10-01T18:13:51.058049+00:00
DBK.DE,DEUTSCHE BANK AG              N,Financial Services,Banks - Regional,EUR,Germany,58305372160.0,-30101665792.0,9.431611,8.073055,1.5,0.7396901,1.9138478,,-0.988,8.891,0.48900000000000005,22.715001,33.400002,0.0,0.0,,,,544725991424.0,636277030912.0,,,-17728000000.0,3.1400000000000006,30.43,2.72,8.7,18.8,0.097,0.996,3.29,3.84365,41.95,34.10639,2.22222,18.0,1879000000.0,1795140230.0,0.08712,,,46621000000.0,6.389517926644728,-2.2208065653997355,31.030000686645508,33.31875019073486,33.1293998336792,29.837102079391478,-6.336967037052855,3.998037758760642,True,35.18222454905501,-0.29784316058905824,False,29.39666598634598,2.7075949079576898,14.5232069025821,35.75,23.88817024230957,-13.202795282110468,60.20850568779783,-11.025087636858755,-3.9170074439459746,25.48764110811572,7.047702406771816,31.994811307981703,-26.767224402082192,1.139781143233572,False,18.072790043630572,Germania,79.96004188441492,10.602642539010567,9.91424184749854,67.8,38.3,47.7,40.5,100.0,49.8,110.0,FCF yield elevato | P/E forward basso | Buyback in corso,2026-10-01T18:13:51.058049+00:00
ALV.DE,Allianz SE                    v,Financial Services,Insurance - Diversified,EUR,Germany,,58714619904.0,13.521497,12.316636,2.89,2.4770036,,2.735,0.492,19.612,1.228,9.8780006,13.683,25.008999999999997,17.973,50.648,1.514,1.066,33706000384.0,136018001920.0,21464000512.0,9307124736.0,29991000064.0,4.11,56.08,4.75,12.1,-8.0,-0.087,0.67,30.47,33.45069,166.33,440.07828,2.70588,16.0,,377895789.0,8.9999994e-05,17.59621098669877,,30944000000.0,19.84092323628479,-1.4710943413819288,412.0,435.13500061035154,438.0820007324219,388.94345520019533,-5.953680061909827,5.9279940288330835,True,33.2436283613051,-3.1305800318155335,False,33.174439533342316,1.7639790699839053,6.759704794807623,453.29998779296875,329.05767822265625,-9.110961593899559,66.75851572962283,-8.28139162869973,-1.9514545380334591,17.363590763161497,18.95090298575188,18.37444952842386,-12.350398048430755,1.130822724059253,False,27.23229461445161,Germania,,7.395630824013051,6.815116504854379,46.0,49.0,50.1,58.4,100.0,49.8,110.0,ROIC forte | Dividendo sostenibile,2026-10-01T18:13:51.058049+00:00
PRU.L,PRUDENTIAL PLC ORD 5P,Financial Services,Insurance - Life,GBp,Hong Kong,22697859072.0,24274710528.0,8.607476,8.912932,2.37,1.5498158,1.5862645,4.098,1.696,18.744,1.6,25.494,28.047,37.815,41.394,28.701,1.519,0.963,5919000064.0,5888999936.0,5922999808.0,4138874880.0,1708999936.0,2.2,18.360001,1.74,-1.7999999999999998,-23.0,-0.257,0.894,1.07,1.03333,5.9426417,1420.037,1.42857,13.0,2464479843.0,2357460400.0,0.00306,19.816086266262552,,2346000000.0,,-4.200680752100094,921.0,971.3319427490235,1017.0268420410156,1079.2236386108398,-9.441918155110296,-14.660875925077288,False,28.494141877763568,-3.2687176282611183,False,27.31994486551241,2.2492021846844996,7.1308075400536115,1219.7354736328125,915.91845703125,-24.49182466941544,1.6725669370304346,-8.213058233207404,-10.182153933478311,-14.990126466410715,-9.68629743639835,26.394552832376323,-24.908434916358203,1.263480860061942,False,-1.4732392031909463,UK,18.234648769608857,11.6178075895884,54.1842562432139,61.1,56.6,28.2,48.8,100.0,49.7,113.0,FCF yield elevato | P/E forward basso | ROIC forte | Ipervenduto | Buyback in corso | Upside analisti,2026-10-01T18:13:51.058049+00:00
ENGI.PA,ENGIE,Utilities,Utilities - Diversified,EUR,France,57214492672.0,121581002752.0,13.815951,10.688893,3.45,1.6787179,0.8105758,9.031,1.722,12.218001000000001,3.102,5.989,14.741000000000001,32.134,19.073,143.77,0.999,0.644,70157000704.0,14168000512.0,13463000064.0,-92625000.0,9132000256.0,5.92,82.82000000000001,7.38,-3.5999999999999996,14.299999999999999,0.137,0.553,1.63,2.10686,13.415,30.65556,1.52632,18.0,2540607984.0,1809900000.0,0.26655,9.153582164346144,2.7802762162537302,-8743000000.0,-8.483688561148849,0.25130262827635086,22.520000457763672,23.680000019073486,24.917199974060058,25.55697876930237,-9.620661706740641,-11.88316639049114,False,26.16956057790931,-0.051799227679942494,False,33.520329348782305,2.2075814535543286,-8.023204941226748,28.111299514770508,17.577892303466797,-19.88986334149726,46.91841922709826,-5.813464652944711,-17.23630571301755,-18.510080877959613,29.02386341855321,22.1632039731356,-19.88986334149726,1.5838029857692433,False,34.83732807149792,Francia,-0.16189080017016286,7.238010615411128,36.12592973741096,60.2,46.7,41.9,47.7,100.0,49.7,113.0,P/E forward basso | Ipervenduto | Upside analisti,2026-10-01T18:13:51.058049+00:00
RI.PA,PERNOD RICARD,Consumer Defensive,Beverages - Wineries & Distilleries,EUR,France,14857000960.0,26990934016.0,12.368973,9.8976345,1.97,0.95953685,1.5798597,10.286,2.87,7.563000000000001,4.062,12.792,19.586000000000002,58.432996,27.903,76.644,2.474,0.748,12677000192.0,1992999936.0,2624000000.0,1152875008.0,1579000064.0,7.75,98.59,3.77,-13.200000000000001,-47.8,-0.477,0.474,4.77,5.96102,61.488,81.81579,2.5,19.0,251813562.0,190071577.0,0.26317,6.088118877857,4.063570612866387,1188000000.0,-8.155808650613228,0.06248705819082989,59.0,60.07499980926514,64.30159988403321,65.95928972244263,-8.24489576246089,-10.550886390267989,False,39.02939671682389,0.16642961565327719,True,32.02851219690276,2.4002870700147847,17.326089492600705,84.4766845703125,57.77093505859375,-30.15824389877362,4.602248444167141,-6.556856873088879,-1.9929406256966486,-2.771269422884326,-25.55601366922189,29.803950357599668,-61.57177813333939,1.0132910917825815,False,-18.99915679613301,Francia,7.75980974292136,8.084745596906064,38.670830508474594,66.3,44.0,43.3,38.1,100.0,49.6,115.0,P/E forward basso | Lontano dai massimi | Upside analisti | Debito elevato | Ricavi in calo,2026-10-01T18:13:51.058049+00:00
HER.MI,HERA,Utilities,Utilities - Diversified,EUR,Italy,5162900992.0,9992374272.0,10.94375,10.547557,2.53,1.2679218,0.4074066,7.066,0.789,12.1079996,3.4610000000000003,3.7130002,4.754,18.302,11.159000500000001,133.318,1.132,0.956,5829199872.0,1353299968.0,1414099968.0,16400000.0,1271100032.0,4.52,50.0,4.0,21.7,8.5,0.07,0.815,0.32,0.33202,2.762,4.54,,5.0,1474272103.0,792067430.0,0.33957002,7.806021986717117,2.7563444924406046,196900000.0,-13.270355933608313,2.5582694052646016,3.502000093460083,3.61010000705719,3.743160004615784,3.8312282621860505,-6.442682408935774,-8.593279914314323,False,34.747687961975004,-0.0060192806812163074,False,34.417201614787295,1.935756570298712,10.837000760170113,4.239838123321533,3.502000093460083,-17.402504727784752,0.0,-4.888642915850216,-7.010088600420272,-10.834992883652362,-4.399442581588442,19.032837134233066,-17.402504727784752,0.6185753367349894,False,0.4892003342617741,Italia,0.31765087158192784,9.137635636778985,29.640202137011972,64.8,41.5,38.9,52.3,100.0,49.5,116.0,P/E forward basso | Dividendo sostenibile | Upside analisti,2026-10-01T18:13:51.058049+00:00
ERIC-B.ST,"Ericsson, Telefonab. L M ser. B",Technology,Communication Equipment,SEK,Sweden,298745004032.0,290417901568.0,12.406504,13.254467,1.93,2.9096224,1.3128994,8.231,1.276,26.077,6.9460005,10.831001,12.484,48.125,15.506,37.682,1.12,0.864,39478001664.0,54103998464.0,35283001344.0,30705874944.0,33781999616.0,3.26,39.57,3.54,-6.1,-10.9,-0.114,0.507,7.38,,31.468,96.78947,3.3,19.0,3001077089.0,2878267142.0,0.0,29.04646382387232,-0.07334267975165232,29186000000.0,-4.477284078643851,0.0203225809392249,91.55999755859375,95.42318687438964,95.0058674621582,100.36034370422364,-3.6270074634463856,-8.76874851242616,False,36.61861087260713,-0.5587288663987462,False,16.954490487491892,2.304190233950987,7.620864664630007,125.33836364746094,75.52938079833984,-26.949742366092757,32.18418815901754,-3.736029195187951,-12.442821490109345,-14.100181305817028,23.60628998990011,34.992206253232915,-28.150763771163867,0.8912131293996792,False,27.34231918508806,Nordics,10.278289018922287,8.060288377773464,5.711525317658128,65.3,45.3,35.9,49.1,100.0,49.5,116.0,FCF yield elevato | ROIC forte | Bilancio solido,2026-10-01T18:13:51.058049+00:00
MUV2.DE,MUENCHENER RUECKVERS.-GES. AG N,Financial Services,Insurance - Reinsurance,EUR,Germany,62756253696.0,65778188288.0,9.278274,9.655749,2.03,1.8699156,1.019747,,1.069,21.299,2.161,11.162999999999998,17.333001,35.437000000000005,0.0,24.378,0.276,0.223,8222000128.0,5818999808.0,,6889625088.0,6586999808.0,4.78,44.629999999999995,3.65,1.3,9.8,0.066,0.325,53.76,51.65834,266.75,546.83527,2.82353,17.0,125814467.0,125806918.0,0.0,,,4606000000.0,2.6867014076916718,-2.621273934648438,498.79998779296875,507.53999481201174,514.0599963378907,503.71158813476563,-2.968526758283585,-0.9750818638071146,True,40.89346378660642,-0.6035058317126523,False,13.571123886878967,1.7560593025630278,19.92881213721376,546.6943969726562,439.0,-8.76072801274439,55.52748283474027,-4.6636131201784785,0.5847940980393984,-4.352394139802396,-5.493937326761977,19.658894276587155,-24.323293785811252,1.2089451670817677,False,-0.8303242065834988,Germania,10.978388100370521,10.777866659251496,9.630169082315355,59.2,52.0,36.5,46.4,100.0,49.4,118.0,FCF yield elevato | P/E forward basso | Dividendo sostenibile | Buyback in corso,2026-10-01T18:13:51.058049+00:00
HEIA.AS,HEINEKEN,Consumer Defensive,Beverages - Brewers,EUR,Netherlands,38226407424.0,58687696896.0,16.834146,12.085342,1.19,1.9795221,1.299599,10.607,1.995,12.1309996,3.994,7.704,10.464,36.982,18.811001,95.107,0.75,0.514,20643999744.0,2831000064.0,5533000192.0,3003624960.0,5808000000.0,2.75,46.339999999999996,2.07,4.7,54.1,0.512,0.561,4.1,5.71105,34.867,89.13609,1.82609,23.0,553845364.0,259172401.0,0.51019,7.99693245669269,2.3217029449423814,2610000000.0,0.03944727816875826,-0.8106566702049678,69.0199966430664,71.15499954223633,73.2946859741211,70.5807215499878,-5.832195437148058,-2.21126232864598,True,34.449162990899424,-0.1294745461451403,False,9.15650198771435,1.7446361632960734,0.44058127226186555,79.34510803222656,63.83656311035156,-13.012914904554096,33.423081010027865,-5.374287999906279,-7.346382038044097,3.8349991839279562,6.27333682072635,21.430574934699724,-31.050527789183946,0.7447394801631753,False,11.647624820632629,Paesi_Bassi,7.857460751371079,5.940307277838745,29.145311989745526,54.9,39.4,53.6,51.7,100.0,49.4,118.0,Upside analisti,2026-10-01T18:13:51.058049+00:00
MRK.DE,MERCK KGAA                    I,Healthcare,Drug Manufacturers - Specialty & Generic,EUR,Germany,58455883776.0,69178073088.0,24.669725,15.082,2.22,1.9323081,2.7658331,12.382,3.273,8.134,4.651000000000001,11.214,13.857000999999999,59.087,26.435,40.618,1.695,0.988,12302000128.0,3123000064.0,5586999808.0,2632999936.0,4232000000.0,1.59,40.37,1.4,3.4000000000000004,-24.7,-0.248,0.805,5.45,8.9146,69.58,154.2143,2.14286,14.0,129242252.0,128870000.0,0.0,7.641134691902125,1.6061415220293724,1974000000.0,-1.7237986030507302,0.0,134.4499969482422,133.59249954223634,137.81699981689454,126.55737327575683,-2.443096913389342,6.2363997199025745,True,47.37700564628969,0.7212963094290046,True,13.986335381183244,2.0605751227018017,58.56321223053831,147.5,100.77891540527344,-8.847459696106997,72.06827888316879,-3.964287894112728,-5.84734308478213,27.756263508643574,16.521969345277988,27.33486659921802,-40.459878044855714,1.1871540044620446,False,20.486257239390717,Germania,4.504251353190592,4.0535514684496885,14.700114169110968,45.1,41.0,62.6,52.9,100.0,49.4,118.0,,2026-10-01T18:13:51.058049+00:00
VOW3.DE,VOLKSWAGEN AG                 V,Consumer Cyclical,Auto Manufacturers,EUR,Germany,34098102272.0,264189263872.0,6.521572,3.127674,0.59,0.19446509,0.10600962,13.698,0.821,2.7609998,1.284,1.7999999999999998,4.208,13.766,5.9959996,138.745,1.069,0.8,280904007680.0,66773999616.0,19285999616.0,14109154304.0,17561999360.0,7.470000000000001,50.43,6.84,2.0,-41.0,-0.425,0.993,10.43,21.74779,349.78,104.115,2.21053,20.0,206205445.0,234681377.0,0.0,2.6921730120020273,3.1520656196859056,-9337000000.0,4.878265476236421,0.0,68.0199966430664,76.72199935913086,75.5215997314453,83.29324119567872,-9.93305639056189,-18.336715360531187,False,31.30101077523622,-1.1293517217216968,False,23.238374106197806,3.5842090418938723,6.259417932745603,101.80765533447266,68.0199966430664,-33.18773876129681,0.0,-7.706920678931251,-9.907289214481585,-15.295227231722574,-22.31465211442637,29.494107121129687,-34.93265171909788,1.4242554421556484,False,-14.607731435495118,Germania,41.37812184224069,15.333726285625612,53.06528247324298,64.8,39.2,46.5,43.4,100.0,49.3,121.0,FCF yield elevato | P/E forward basso | Dividendo sostenibile | Ipervenduto | Lontano dai massimi | Upside analisti,2026-10-01T18:13:51.058049+00:00
SU.PA,SCHNEIDER ELECTRIC SE,Industrials,Specialty Industrial Machinery,EUR,France,164821925888.0,180763656192.0,34.42353,23.991789,1.57,6.725973,3.920411,21.214,4.3,18.620001,7.3999999999999995,11.270001,18.199,42.117,20.267999,84.124,1.091,0.807,20809000960.0,4518000128.0,8520999936.0,5374750208.0,7240000000.0,1.44,49.51,1.76,9.8,29.299999999999997,0.301,1.149,8.5,12.19584,43.503,325.97083,1.5,24.0,563301211.0,550490590.0,0.034679998,13.721095146668189,1.5821786908743432,4588000000.0,5.518510129741738,0.22304173872875754,292.6000061035156,289.325,291.485,264.9734336090088,0.38252606601218986,10.426166924821679,True,52.02283041871847,0.6551881361540965,True,9.464695586037587,2.572855130490239,61.791322829787575,311.0,218.87498474121094,-5.91639675128115,80.02714697544764,2.040106749264381,5.119453812657926,27.407804778936985,18.87148230103857,33.23849817835439,-17.762918089750322,1.0122163565044802,False,16.831375551774187,Francia,3.260943699718845,2.904989697454038,11.404929323439061,38.6,51.2,60.2,48.8,100.0,49.3,121.0,,2026-10-01T18:13:51.058049+00:00
ASSA-B.ST,ASSA ABLOY AB ser. B,Industrials,Security & Protection Services,SEK,Sweden,,462682947584.0,23.760162,19.130692,1.54,3.5033567,,15.976,3.055,15.565999999999999,7.117999999999999,10.823,16.870001000000002,43.144,19.121,64.103,1.015,0.627,71387996160.0,3868999936.0,28960999424.0,18395125760.0,23968999424.0,1.8000000000000003,41.689998,1.7,3.3000000000000003,15.9,0.159,0.846,14.76,,100.104,408.7619,1.95455,21.0,,1017904019.0,0.03546,10.3703734121197,2.1886656856370417,18638000000.0,8.057839993738035,0.0,350.70001220703125,350.13500213623047,353.4980010986328,351.6290544128418,-0.7915147703539294,-0.26421087624909356,True,48.39160356283981,0.5354464475122938,True,14.880567066827256,1.6707143187799125,52.2960253022229,391.1031188964844,317.47882080078125,-10.330550879638178,45.12259167899471,0.05706482368936783,2.904936845266737,2.709916165990589,10.055185908631037,21.195165585941528,-18.651803296699264,1.0451976342796239,False,9.998121084941669,Nordics,,4.208725512898439,16.555998224115463,49.9,48.4,50.1,48.3,100.0,49.3,121.0,,2026-10-01T18:13:51.058049+00:00
AD.AS,KONINKLIJKE AHOLD DELHAIZE N.V.,Consumer Defensive,Grocery Stores,EUR,Netherlands,27654565888.0,43879321600.0,12.609562,10.821733,2.1,1.9144689,0.30248696,8.144,0.48,15.675999,4.716,2.448,3.9539999999999997,26.595999999999997,5.8930002,133.34,0.713,0.365,19260999680.0,3211000064.0,5388000256.0,2912000000.0,6598000128.0,3.8900000000000006,49.400002,3.47,0.3,-0.2,-0.04,0.323,2.51,2.92467,16.532,38.57611,2.47368,18.0,873761999.0,864473909.0,0.00079,9.929090815158073,2.0339539978094194,4425000000.0,2.0161610574500166,-2.9232739791405504,31.649999618530273,31.63350009918213,32.03647605895996,35.35488642692566,-1.2063637702174779,-10.479136500842523,False,48.44616036958199,0.07549428765320941,True,16.124433068257026,1.8310354252993777,50.9318840500726,41.13847351074219,30.559999465942383,-23.06472040031884,10.303945048895931,3.2289620875576297,-9.332919458012013,-21.56993001671571,-5.852298703775971,21.78123911189663,-25.714308631402005,0.923111865363085,False,-9.081260791333602,Paesi_Bassi,10.529906749552662,7.930489576085196,21.883445386882915,68.0,38.6,38.2,52.1,100.0,49.3,121.0,FCF yield elevato | P/E forward basso | Buyback in corso,2026-10-01T18:13:51.058049+00:00
SAMPO.HE,Sampo Plc A,Financial Services,Insurance - Diversified,EUR,Finland,23252381696.0,7432799744.0,13.796875,14.434237,31.31,3.1739755,2.1350088,3.066,0.682,24.127000000000002,5.4719999999999995,15.709999999999999,20.053,41.006002,22.256999999999998,34.686,1.811,1.581,2547000064.0,18164000768.0,2424000000.0,975249984.0,1648000000.0,4.12,56.25,4.1,5.8999999999999995,6.3,0.108,0.239,0.64,0.61174,2.782,10.56312,1.875,16.0,2632338883.0,2098503167.0,0.05001,21.62653560144765,,1594000000.0,10.271170026685294,-1.093560903769053,8.829999923706055,9.22630000114441,9.48527997970581,9.220707716941833,-6.908389181993124,-4.23728639091232,True,29.18981735176139,-0.054925365923846,False,39.64161163602893,1.5557486109423713,20.030974626194052,9.931329727172852,8.585360527038574,-11.08944958753587,18.17570540567159,-9.491591663541033,-5.0537662084894075,-0.4286581065528372,-5.7424089150741375,16.396480941168797,-13.552759168307604,1.423616049380186,False,3.749182748466896,Nordics,4.1941939400030055,7.2480181200453,19.62763410270263,43.3,64.1,35.5,53.1,100.0,49.1,125.0,ROIC forte | Dividendo sostenibile | Ipervenduto,2026-10-01T18:13:51.058049+00:00
AI.PA,AIR LIQUIDE,Basic Materials,Specialty Chemicals,EUR,France,106216013824.0,124703277056.0,29.98919,23.231956,2.11,3.9949117,3.9272501,16.356,4.611,13.966999999999999,6.2979996,13.086999999999998,20.115,64.595,28.191,63.307,0.875,0.585,17258899456.0,2061200000.0,7624500224.0,243312496.0,5495900160.0,1.97,60.529999999999994,1.83,0.8,0.7000000000000001,0.012,0.644,5.55,7.16427,41.663,196.325,1.4,20.0,638163975.0,621501287.0,0.0014599999,10.265570976718196,1.3234555766599811,2675000000.0,-3.4515393779226855,0.2595819960901524,166.44000244140625,167.73400192260743,169.4432000732422,160.5909545135498,-1.7723919464090687,3.6422026044828915,True,45.040773194609386,0.30526609794534076,True,11.552007901774862,1.5486773286309785,35.933586980310835,180.3000030517578,138.5560302734375,-7.687188228373376,66.7976004968321,-3.5018514817648727,-6.283785629829697,3.0358699095879516,9.967127246801311,17.70627559675211,-16.25605387112976,1.029113459661148,False,13.468978728566185,Francia,0.22907326987733598,3.334534877400823,17.955417640128,35.0,64.3,45.3,52.7,100.0,49.0,126.0,,2026-10-01T18:13:51.058049+00:00
RWE.DE,RWE AG                        I,Utilities,Utilities - Diversified,EUR,Germany,45551132672.0,61277462528.0,12.949002,17.503843,35.6,1.047421,2.85283,25.736,3.838,8.547,0.27899999999999997,20.254,4.645,39.005002,14.912,50.366,1.348,0.693,23977000960.0,12824000512.0,2380999936.0,-11109499904.0,6144000000.0,2.02,26.610001999999998,2.58,-9.1,137.4,1.318,0.572,4.51,3.33641,55.756,68.05,1.61111,18.0,779985169.0,636290767.0,0.049239997,9.03796632854577,1.3461538461538463,-5060000000.0,-22.86809314834337,-3.4931548323551054,58.400001525878906,59.44099998474121,58.25839981079102,55.15002658843994,0.2430580234743296,5.892970753562965,True,46.07475659525455,-0.1977533909700816,False,11.044033132946824,2.2969141593352225,19.314446798223024,60.779998779296875,38.499881744384766,-3.915757323490854,89.31784222816871,0.516356384917005,1.6005601791394541,1.487750638292118,52.54356858173692,26.220737336768714,-11.056264463590038,1.1057015061799016,True,52.02721219681992,Germania,-24.389074985239482,7.722602869317651,16.52396955819404,39.1,43.1,64.4,54.7,100.0,49.0,126.0,Trend rialzista | Buyback in corso,2026-10-01T18:13:51.058049+00:00
KRZ.IR,KERRY GROUP PLC,Consumer Defensive,Packaged Foods,EUR,Ireland,13366064128.0,15763888128.0,21.39949,14.920527,1.27,2.186915,2.015724,13.847,2.377,10.6120005,4.9099997,9.6219994,11.8990004,50.219,17.167999000000002,46.206,1.765,1.129,2825100032.0,604499968.0,1138400000.0,277550016.0,736099968.0,1.69,35.68,1.31,-3.6999999999999997,-3.8,-0.068,0.574,3.93,5.63653,38.456,99.0,1.58333,12.0,158930608.0,158625461.0,0.00154,8.96826678754848,1.9406779661016949,493900000.0,-8.32879578769845,-3.207488636850564,84.0999984741211,84.44999961853027,83.87699981689452,75.99771692276,0.2658638932167001,10.661217046290773,True,48.51661576784279,-0.05664639085166956,False,15.170609996055946,1.9474143667657053,39.86249089950556,85.6500015258789,63.47999954223633,-1.8096941321004922,93.00855700012372,-0.35545384636731514,2.0012147810201775,26.21130174656445,12.887129409658705,23.609734923741964,-36.93290630935433,1.0463160782332912,True,13.24258325602602,Irlanda_Austria,2.0765276400146266,4.673008562353589,17.71700570299519,37.6,44.0,67.3,50.5,100.0,48.9,128.0,Trend rialzista | Buyback in corso,2026-10-01T18:13:51.058049+00:00
NESTE.HE,Neste Corporation,Energy,Oil & Gas Refining & Marketing,EUR,Finland,25514668032.0,28766574592.0,16.772726,12.782467,0.32,3.0166228,1.2362956,10.568,1.394,19.414,7.881,7.355,15.367,20.007,13.189,55.545,1.798,0.701,4697999872.0,1084999936.0,2721999872.0,1045249984.0,2264000000.0,61.0,10.100000000000001,3.59,32.7,,,0.581,1.98,2.59809,11.009,34.25789,2.15789,19.0,768282661.0,418437468.0,0.46219003,2.2753241546877323,2.972741433021807,825000000.0,-9.560964162503339,0.007592268345812947,33.209999084472656,33.548999881744386,31.816799964904785,26.83598521232605,4.378815974908301,23.751741632421798,True,50.718720800162664,-0.22557222994442472,False,13.083908845724991,3.3947789094064067,41.886983947808275,35.81999969482422,15.475937843322754,-7.286433926822989,87.170700573942,3.6840472998659335,19.117647360644675,23.733229864645054,107.9206654520171,41.97478982837068,-51.99679377084945,1.0249358195493259,True,104.23661815215117,Nordics,4.096663075094952,5.962060073001849,3.1553476194381647,44.4,46.9,62.3,39.2,100.0,48.9,128.0,Dividendo sostenibile | Trend rialzista,2026-10-01T18:13:51.058049+00:00
BARC.L,BARCLAYS PLC ORD 25P,Financial Services,Banks - Diversified,GBp,United Kingdom,58828546048.0,73196503040.0,9.144793,6.811235,0.94,0.9009647,2.0904922,,2.601,10.091999999999999,0.47299997,27.87,42.951,0.0,0.0,,,,782348976128.0,771663003648.0,,,-949000000.0,2.51,17.809999,3.29,15.6,44.6,0.309,0.873,0.48,0.64445,4.872,573.0,1.88235,17.0,13402105541.0,12717211320.0,0.00124,,,16880000000.0,5.211116214059963,-3.8597775425331715,438.95001220703125,473.0399993896484,493.72746337890624,467.67037292480467,-11.094673728902249,-6.141154620968747,True,29.331979040406424,-1.8058259601714042,False,31.67830750289159,2.70511501705108,-1.7743437499352577,530.3406982421875,357.7187194824219,-17.232448186245254,47.057329146746284,-9.204674501268483,-15.948857499281822,7.308513223289159,15.47861538195978,31.039292212763687,-25.449944427865034,1.0886187688073534,False,24.683289883228262,UK,28.693552933004828,10.935184645513573,30.538782108461128,66.1,42.8,37.3,45.1,100.0,48.7,130.0,FCF yield elevato | P/E forward basso | Ipervenduto | Buyback in corso | Upside analisti,2026-10-01T18:13:51.058049+00:00
ACS.MC,"ACS,ACTIVIDADES DE CONSTRUCCION",Industrials,Engineering & Construction,EUR,Spain,24009646080.0,24986994688.0,24.160107,18.584547,1.08,4.051675,0.4625184,10.761,0.481,24.08,2.3239998,1.9460000000000002,3.6540000000000004,30.719997999999997,4.473,256.777,1.25,1.122,16299728896.0,15832857600.0,2322007040.0,2974129664.0,3208617984.0,2.55,61.019999999999996,5.09,12.2,5.0,0.073,0.601,3.81,4.95304,22.719,133.48666,1.86667,15.0,260832656.0,180538753.0,0.20138,21.855501999681763,0.9545430261062581,2303003000.0,14.034502816170601,1.9398656598436537,92.05000305175781,95.46749992370606,102.4,108.48469806671143,-10.107418894767761,-15.149320879196516,False,35.582305482809645,0.19010779220878016,True,47.07175805699861,3.1407253768156687,30.257888302300053,138.35162353515625,68.49503326416016,-33.4666260505666,33.719037382472266,-6.595636528378634,-25.82594344595963,-16.371657861502698,33.05588860392301,33.80440983383281,-34.189422049954274,0.9985349602967131,False,39.65152513230164,Spagna,12.387228258551657,4.139054516604583,45.01537813631924,59.9,41.1,43.6,50.0,100.0,48.7,130.0,FCF yield elevato | ROIC forte | Bilancio solido | Lontano dai massimi | Upside analisti,2026-10-01T18:13:51.058049+00:00
AIR.PA,AIRBUS SE,Industrials,Aerospace & Defense,EUR,Netherlands,146898780160.0,152107008000.0,24.713715,21.304218,1.39,5.6774035,1.9081233,16.893,1.976,23.193,3.131,7.714,11.3570005,16.309,11.6960004,54.988,1.146,0.363,14275999744.0,13128999936.0,9004000256.0,3128750080.0,8787999744.0,1.68,42.610002,1.8,27.700000000000003,125.8,1.264,0.878,7.51,8.71189,32.691,230.95651,1.79167,23.0,791480489.0,588339107.0,0.25706,24.18126361536431,-0.30283819369940507,4031000000.0,7.705233571858661,-0.09245513301981978,185.60000610351562,194.78900070190429,202.36999969482423,188.22445846557616,-8.286798249047733,-1.3943205805745595,True,28.32615085544832,-0.5284643903211821,False,24.934824615295675,2.3803802135402217,-16.618738174052464,216.20498657226562,156.29205322265625,-14.155538664470358,48.917572955139676,-5.738947761933122,-11.365801569571266,16.240016230717778,-6.002241235691952,29.16840814255954,-27.71117091213977,1.124123888325952,False,-0.2632934737588295,Francia,2.129867978884652,4.0463362145270345,24.437770692306703,46.1,46.8,45.8,61.9,100.0,48.6,132.0,ROIC forte | Bilancio solido | Ipervenduto,2026-10-01T18:13:51.058049+00:00
MAP.MC,"MAPFRE, S.A.",Financial Services,Insurance - Diversified,EUR,Spain,12713126912.0,-3015789312.0,10.620514,9.833809,2.59,1.2666668,0.4081798,,-0.097,17.41,3.6700000000000004,3.798,12.113,24.954,11.690000000000001,29.158,35.966,27.84,3244900096.0,20318699520.0,3640999936.0,-1387462528.0,1464400000.0,4.28,46.379999999999995,6.43,15.1,4.9,0.048,0.249,0.39,0.4212,3.27,4.222,3.3,10.0,3069320685.0,921778388.0,0.69728,,,,6.740009243051781,-0.1138380133145156,4.142000198364258,4.381299996376038,4.403159980773926,4.103744120597839,-5.931189953351746,0.9322237605995154,True,30.39367282056223,-0.02747196099348867,False,19.45569291894133,1.845252095417723,-14.36567645428966,4.565999984741211,3.536736011505127,-9.286022509721592,58.805535081164294,-7.585892130750416,-6.58547171605025,8.45403996231877,6.324567023866412,21.677197666259172,-15.848001452251559,0.9352200222874503,False,13.910459154616827,Spagna,-10.913621311294905,9.415740142143779,1.9314292082201145,52.4,49.9,38.4,55.7,100.0,48.6,132.0,P/E forward basso | Dividendo sostenibile | Ipervenduto,2026-10-01T18:13:51.058049+00:00
TEL.OL,TELENOR,Communication Services,Telecom Services,NOK,Norway,172089868288.0,236028592128.0,10.827645,13.292635,2.77,2.7563586,2.284662,9.253,3.134,25.035998,5.192,15.725,22.768,64.88200400000001,33.866,128.144,1.321,1.066,87247003648.0,31698999296.0,25508999168.0,9430750208.0,28536999936.0,7.57,81.91000000000001,7.25,-5.1,-32.2,-0.322,0.252,11.72,9.54664,46.039,155.0,2.4,20.0,1356106173.0,627200640.0,0.53991,9.529195560417726,2.2611750194406457,19294000000.0,-0.142856096747912,0.0359217699630765,126.9000015258789,131.9850009918213,133.53400131225587,147.9128607559204,-4.968022916398662,-14.2062421906071,False,34.25504140380336,-0.5104883060029746,False,28.56709301084642,1.7912651350134694,8.495182097221667,171.6973114013672,126.9000015258789,-26.090862757173937,0.0,-6.415932290589444,-10.696695232063513,-23.139703548097767,-18.564648450543253,24.034585557291592,-26.090862757173937,1.0145011177167729,False,-12.148716159953809,Nordics,5.48013099307928,9.235618640987953,22.14341854707591,41.6,66.2,35.7,48.7,100.0,48.6,132.0,,2026-10-01T18:13:51.058049+00:00
ZURN.SW,ZURICH INSURANCE N,Financial Services,Insurance - Diversified,CHF,Switzerland,84184514560.0,68114014208.0,13.7095585,13.238254,9.68,3.50246,1.0936888,5.987,0.885,25.695,1.735,9.3830004,14.42,24.293,14.780999999999999,46.416,27.188,17.82,15358000128.0,32480000000.0,11377000448.0,-445500000.0,2932999936.0,5.29,76.82,5.11,11.3,10.2,0.138,0.314,41.11,42.57359,160.91547,609.39703,2.76923,13.0,149369269.0,146957562.0,0.0018600001,20.290704602769196,,5423000000.0,25.58926182348791,-0.004941477090925073,563.5999755859375,588.3299987792968,594.9639990234375,563.5913739013672,-5.271583404874969,0.0015262271511939929,True,30.84341062521348,-3.1324353914450973,False,22.275247487344714,1.4595469899804188,-0.5152274960249366,624.4000244140625,501.7360534667969,-9.737355293216044,50.433653534448595,-5.149787275741769,-7.757778136507776,4.772718401921439,5.516051565391011,17.180847100934198,-12.549543276864162,1.1515777787013233,False,10.66583884113278,Svizzera,-0.5291947127431413,7.294180917642242,8.125808445333993,44.1,55.3,36.7,63.1,100.0,48.5,135.0,ROIC forte | Ipervenduto,2026-10-01T18:13:51.058049+00:00
UPM.HE,UPM-Kymmene Corporation,Basic Materials,Paper & Paper Products,EUR,Finland,13009084416.0,16860822528.0,20.90678,13.309811,12.89,1.3082675,1.3660699,13.382,1.771,6.2119998,2.78,6.574000000000001,9.809,12.181000000000001,13.231000000000002,37.645,1.621,0.818,3868000000.0,458000000.0,1260000000.0,714124992.0,1162000000.0,6.03,127.12001,4.82,0.6,124.2,1.257,0.227,1.18,1.85352,18.857,25.03,2.46667,15.0,527324046.0,511040279.0,0.02343,4.349055707395049,2.1354466858789625,977000000.0,-6.253179225496086,-1.1250195908098948,24.670000076293945,25.38999996185303,24.25279998779297,24.61869005203247,1.7202141142918181,0.20841898635968192,False,45.10702849315154,-0.19438601175822762,False,32.70915515544154,2.0139058691011047,23.26797867909881,26.974571228027344,20.562448501586914,-8.543495028157789,64.05915404222561,1.480874612341787,6.842788710544778,-6.176778729432398,12.268758223217379,23.958065226352602,-35.3829672739705,1.0057730039603543,True,10.787883610875593,Nordics,5.489433146591705,4.783137336309082,1.4592619480856328,54.7,39.9,49.9,50.7,100.0,48.5,135.0,,2026-10-01T18:13:51.058049+00:00
VOLV-B.ST,"Volvo, AB ser. B",Industrials,Farm & Heavy Construction Machinery,SEK,Sweden,647451115520.0,869399658496.0,18.060125,12.787148,0.94,3.6667664,1.373074,15.479,1.844,20.883,4.5120000000000005,7.6009996,10.5629995,24.358,11.911999400000001,147.349,1.103,0.803,260354998272.0,47068000256.0,56166998016.0,24019875840.0,49840001024.0,2.63,48.240003,2.97,2.7,40.1,0.399,0.975,17.63,24.9,86.834,357.59906,2.27273,21.0,1592708968.0,1942455103.0,0.01891,9.995600626326482,2.558472553699284,19465000000.0,0.39996470969143605,0.0,318.3999938964844,333.16000213623045,344.19000122070315,322.7887782287598,-7.492956574203791,-1.359645882473981,True,32.50033763538214,-1.1490567130607658,False,31.79102679343435,1.9537405512017718,9.182412040261468,371.5,237.73011779785156,-14.293406757339334,60.30496160318604,-5.882351349259485,-7.009345919338939,5.291122281167326,22.768136554597373,25.236536117428372,-22.837152956454165,0.995867868345441,False,28.650487903856856,Nordics,3.709913422684962,5.537060236294046,12.311264715746105,55.7,41.2,52.1,41.4,100.0,48.3,137.0,,2026-10-01T18:13:51.058049+00:00
FRE.DE,Fresenius SE & Co. KGaA       N,Healthcare,Medical Care Facilities,EUR,Germany,,36044869632.0,15.812274,11.075513,0.78,1.2523232,,11.861,1.548,8.286999999999999,3.4299999999999997,6.537999999999999,10.6309995,25.351000000000003,13.053999999999998,55.978,1.28,0.653,11418999808.0,1279000064.0,3039000064.0,1710125056.0,2832999936.0,2.35,37.91,1.15,5.2,17.2,0.158,0.835,2.77,3.95467,34.975,55.58571,1.5,14.0,,410560548.0,0.27,6.50061092181861,2.8313349320543564,1077000000.0,2.034314934807946,0.0,43.79999923706055,45.14850025177002,45.51420028686523,43.92446172714234,-3.7662993944757472,-0.2833557548296173,True,40.89264824975102,-0.17325038834590772,False,18.945263523140113,2.6953758411568227,14.396423693675542,50.708805084228516,35.45000076293945,-13.62446982470259,54.72249527750472,-2.024387779725967,1.3888853322332029,4.210465458425383,-4.235427290522054,24.5005029033852,-30.091035069636984,1.2545243248897828,False,-2.211039510796087,Germania,,6.324201060517924,26.908015909203932,58.7,34.3,51.3,50.3,100.0,48.3,137.0,P/E forward basso | Upside analisti,2026-10-01T18:13:51.058049+00:00
ENEL.MI,ENEL,Utilities,Utilities - Diversified,EUR,Italy,85992316928.0,170220781568.0,20.638096,11.45894,0.76,3.483923,1.0817051,8.255,2.141,12.2559994,4.894,5.711,18.218,38.202998,25.939,147.743,0.721,0.374,73377996800.0,4742000128.0,20621000704.0,-685750016.0,13331999744.0,5.94,115.48,6.17,8.5,31.8,0.324,0.891,0.42,0.75644,2.488,10.26818,2.34783,22.0,9920663654.0,7525406225.0,0.236,7.878880735897703,3.0610698078594187,4295000000.0,-13.066053296483437,-1.1962578703083149,8.668000221252441,8.871550035476684,9.33492000579834,9.322356495857239,-7.144354575418365,-7.019215312089678,True,34.944495724265764,0.007196888049170402,True,37.71487062382377,1.903498903368694,4.975735430451729,10.043999671936035,7.763548851013184,-13.699716204972379,39.66107762294321,-3.699590802642827,-12.325438138552137,-8.923305667462023,11.7868528711478,20.448615620059943,-13.699716204972379,1.0850606256391764,False,15.486443673790628,Italia,-0.7974549826052106,4.84540821982803,18.46077224160878,51.6,49.0,43.4,48.0,100.0,48.2,139.0,P/E forward basso,2026-10-01T18:13:51.058049+00:00
CAP.PA,CAPGEMINI,Technology,Information Technology Services,EUR,France,18608846848.0,25506451456.0,14.243964,8.184184,0.68,1.6246847,0.7938928,8.273,1.088,12.202,5.9949997999999995,5.866,10.487001,26.834000000000003,13.153,87.509,1.279,1.14,10186000384.0,2279000064.0,3083000064.0,1901874944.0,2468999936.0,3.26,43.2,1.99,8.799999999999999,-30.7,-0.312,0.669,7.87,13.69715,68.998,140.21353,1.76471,17.0,166002200.0,167992570.0,0.08805,9.754281172278564,2.167699836867863,2195000000.0,0.707269006934852,-0.12298541762995052,112.0999984741211,105.35999984741211,106.095,106.01479621887206,5.660020240464769,5.739955621558579,True,61.67055580519169,0.22455108511728544,True,14.375823086209992,3.643024876674889,113.35845263725747,147.1177520751953,86.05999755859375,-23.802534437296075,42.648147023564526,6.66032359812414,20.79740817637581,13.7158370813796,-7.138150948898259,39.53339957767314,-59.27252129931855,0.9692964959149929,False,-13.7984745470224,Francia,10.220272967663256,7.020517603105428,25.078975832786533,65.8,34.1,48.2,40.7,100.0,48.1,140.0,FCF yield elevato | P/E forward basso | Upside analisti,2026-10-01T18:13:51.058049+00:00
LR.PA,LEGRAND,Industrials,Electrical Equipment & Parts,EUR,France,36630376448.0,42910068736.0,28.175404,20.535376,1.62,4.888415,3.6244013,19.347,4.246,18.209,6.601,13.008000000000001,19.048001,50.189996,21.945,102.554,1.58,1.086,7724400128.0,1970899968.0,2217900032.0,1031037504.0,1567399936.0,1.68,47.919998,1.92,14.7,8.5,0.085,0.99,4.96,6.80533,28.588,168.05556,2.05556,18.0,262113593.0,259863370.0,0.03179,11.944245074466146,1.865570301133107,1328100000.0,4.367914657270466,-0.18982809032666026,139.75,138.60750198364258,137.15199981689454,139.05314792633055,1.8942488527866397,0.5011408113095195,False,52.72105863247391,0.39421115626604625,True,11.38200043333456,3.0738700485422212,57.373872224804664,157.54013061523438,121.62372589111328,-11.292443738468016,50.46795259190655,3.864731943738331,-2.2727272727272707,4.696510465357395,-1.134134142022225,31.909431293804158,-18.306531519533543,1.02284301857299,True,-4.998866085760556,Francia,2.814706273804331,3.5491948935319613,20.254425760286242,43.5,51.4,46.8,52.0,100.0,48.0,141.0,,2026-10-01T18:13:51.058049+00:00
AZN.L,ASTRAZENECA PLC ORD SHS $0.25,Healthcare,Drug Manufacturers - General,GBp,United Kingdom,186603782144.0,217919799296.0,23.82574,13.902348,1.16,4.907974,3.0408332,10.949,3.551,21.965,8.0170006,17.021998999999997,23.459,81.69,32.435,64.225,0.886,0.664,32349999104.0,4968000000.0,19904000000.0,4905375232.0,13699999744.0,1.95,47.410000000000004,2.06,6.4,2.5,0.023,0.205,5.05,8.654654,24.515207,15963.737,1.72,23.0,1550895914.0,1542888270.0,0.00051,16.03872919964626,1.2015790013329233,8670000000.0,9.818214247884915,0.04235090314077539,12032.0,12211.0,12166.8349609375,13566.37658203125,-1.108217226340269,-11.31014293133762,False,43.8318715291331,-7.196662145154022,False,18.854999972231546,2.4092469389218505,35.46666638052455,15540.9736328125,11460.0,-22.57885326697816,14.01626306528701,0.4676018704074858,-16.762624640537616,-19.898849996021195,-3.372171586836692,25.805566648154155,-26.259446346373817,0.9034034300242424,False,-3.8397734572441777,UK,2.6287651705872594,4.197141410927845,32.67733543882978,43.2,58.3,37.3,54.8,100.0,48.0,141.0,ROIC forte | Upside analisti,2026-10-01T18:13:51.058049+00:00
KBC.BR,KBC,Financial Services,Banks - Regional,EUR,Belgium,,54232825856.0,13.952328,11.066792,11.79,1.9563493,,,4.321,13.664000000000001,0.9249999999999999,29.586000000000002,44.517,0.0,0.0,,,,53149999104.0,50831998976.0,,,-9786999808.0,3.91,56.509995,5.91,6.6000000000000005,13.200000000000001,0.132,0.664,9.02,11.37186,64.329,132.35,2.45,20.0,,250706940.0,0.41968,,,2825000000.0,8.04195557224463,0.02990518593743996,125.8499984741211,131.63250007629395,129.77599975585937,116.23986106872559,-3.025213667491722,8.26750592872234,True,36.93607247039629,-0.6877999654827274,False,14.481083221265793,1.9456432892959685,-29.518041326454448,134.39999389648438,94.45002746582031,-6.361604025777368,78.59824128462688,-3.7107869834470786,3.92237824925743,20.195127318407515,29.89915918475603,21.68693116411384,-15.95918498772676,1.0664081790026232,False,33.60994616820311,Belgio_Portogallo,,7.167262696232486,5.164880099077251,43.7,48.3,53.1,46.7,100.0,47.9,143.0,P/E forward basso,2026-10-01T18:13:51.058049+00:00
SY1.DE,Symrise AG                    I,Basic Materials,Specialty Chemicals,EUR,Germany,12398344192.0,14435688448.0,51.062145,20.693048,2.97,3.3205965,2.5226154,19.907,2.937,6.708,4.955,5.007000000000001,15.764,37.57,14.754000000000001,60.613,2.98,1.634,2276738048.0,451076992.0,725139008.0,220897376.0,887958976.0,1.36,70.62,1.07,-0.6,-0.4,-0.012,0.584,1.77,4.36765,27.218,100.36667,1.875,15.0,137180179.0,130137349.0,0.050240003,5.689150248591623,2.08231939261224,560928000.0,2.1946954631233417,0.0,90.37999725341797,90.75399894714356,90.4779995727539,79.44273803710938,-0.10831618713799118,13.767475148199914,True,47.38849329106656,0.034120056748356165,True,17.175608156914652,2.0570424849199487,45.28899230661053,93.5,65.71953582763672,-3.3369013332428143,88.76907625724306,-1.568288440636334,0.7131707208417826,26.505224594728016,22.85213093401033,26.52329699327709,-45.53355734530762,1.0425744035553746,False,24.420419374646663,Germania,1.781668362961995,1.9583979482256375,11.049649314084654,35.0,48.0,60.0,53.3,100.0,47.9,143.0,,2026-10-01T18:13:51.058049+00:00
KPN.AS,KPN KON,Communication Services,Telecom Services,EUR,Netherlands,14771628032.0,21822799872.0,17.8,14.518222,2.08,6.4407897,2.5345964,9.089,3.744,26.111,7.290000000000001,15.151,23.035,52.933997,41.198003,218.133,0.655,0.627,7265999872.0,419000000.0,2400999936.0,794499968.0,2304999936.0,4.78,82.73,4.43,0.5,0.0,-0.005,0.247,0.22,0.26973,0.608,4.5615,2.33333,20.0,3772121708.0,3768206231.0,0.00135,10.575468962016926,2.4502793296089385,1045000000.0,2.961690926582561,-1.5752124942628898,3.9159998893737793,4.058700001239776,4.07077998161316,4.237726958990097,-3.8022220050822897,-7.591972600636588,False,38.83191229880161,-0.014824447935653878,False,21.007886183752312,1.9191345648857654,9.691871826938096,4.668181896209717,3.6356019973754883,-16.11295411274921,27.155079458244074,-3.4754810272414227,-4.43644659775263,-15.347972842732883,2.8572197936767907,18.57011824598176,-16.11295411274921,1.086416363181901,False,6.332700820918213,Paesi_Bassi,5.3785538484916,5.617977528089887,16.483660083285766,32.4,67.6,43.2,47.2,100.0,47.9,143.0,,2026-10-01T18:13:51.058049+00:00
SIE.DE,SIEMENS AG                    N,Industrials,Specialty Industrial Machinery,EUR,Germany,212153827328.0,259142778880.0,27.189999,20.988375,2.42,3.0832558,2.615502,20.702,3.195,12.465999,3.7960000000000003,9.795999499999999,14.902999999999999,39.356998,15.433,66.425,1.444,0.876,49924001792.0,10929999872.0,12517999616.0,6503750144.0,14339999744.0,1.94,53.449999999999996,2.68,7.3,12.8,0.109,1.283,10.0,12.95479,88.186,305.69135,1.79167,22.0,780264198.0,773964855.0,0.06004,9.24238709454436,2.6180717573617502,10812000000.0,3.1145867010026196,-0.5867176608813751,271.8999938964844,269.83249816894534,275.945,256.1653556060791,-1.4658740341429,6.142375596878669,True,48.33818115352654,1.173998164961298,True,17.69560379051284,2.3523734658117825,57.39256651759641,289.8500061035156,203.75,-6.192862456114856,79.15213596448477,-0.6939349821743046,-3.444606532950689,29.476187569754476,15.124586992264799,32.520875347379764,-20.5036628673658,1.0806327333597716,False,15.818521974439104,Germania,3.0655822833424025,3.67782286420827,12.427862030912884,44.7,43.3,57.7,46.7,100.0,47.8,146.0,,2026-10-01T18:13:51.058049+00:00
DIA.MI,DIASORIN,Healthcare,Diagnostics & Research,EUR,Italy,3658744064.0,4638106624.0,27.205881,17.307674,1.66,2.5731971,3.1074827,13.566,3.939,9.1630004,5.5209998,11.939,22.381,64.531,29.038998,68.183,1.789,0.85,965254016.0,120879000.0,341900000.0,132725128.0,307027008.0,1.69,47.79,1.2,2.7,6.6000000000000005,-0.022,0.698,2.72,4.27556,28.758,72.80714,,14.0,49442490.0,14955700.0,0.57557,7.574806484156325,1.716482309993687,205079000.0,-4.24490058148238,-1.6538496958330984,74.0,75.92300109863281,74.84880065917969,68.61536834716797,-1.1340203873735577,7.847559202171461,True,42.287096216450074,-0.16595584403537122,False,18.636848660362453,2.543844799252652,26.482336912007327,79.27999877929688,54.59379959106445,-6.659938017904832,78.61153619057818,-3.1159954687108415,5.473198599566853,26.963587003866053,-3.146218501492304,37.9443006202657,-49.02203736640733,1.0289167062530271,False,-0.030223032781462322,Italia,3.6276144403195953,3.6756758584660423,-1.6119729729729637,39.0,45.1,60.7,49.0,100.0,47.8,146.0,,2026-10-01T18:13:51.058049+00:00
BMW.DE,BAYERISCHE MOTOREN WERKE AG   S,Consumer Cyclical,Auto Manufacturers,EUR,Germany,32813907968.0,136368791552.0,5.276227,6.2353487,0.51,0.3443143,0.25629058,9.887,1.065,6.5920000000000005,1.8319999999999999,4.923,5.154,12.408,10.773000000000001,119.855,1.148,0.729,116789002240.0,15642000384.0,13793000448.0,1710268032.0,4046000128.0,7.95,42.349997,6.47,-7.9,-27.900000000000002,-0.295,0.768,10.39,8.79181,159.215,72.12,2.45455,20.0,598575510.0,371344737.0,0.45733002,4.758126335473261,3.5657260133401745,-2735000000.0,-2.1878540825735926,-2.43162834818067,54.81999969482422,59.93200035095215,59.609599914550785,71.36705926895142,-8.034947771151568,-23.18585036798073,False,30.96331659109582,-0.7879393138801716,False,31.37896130848019,3.304210071503603,12.554046046040348,92.1083755493164,54.5,-40.483154362577324,0.8508734827022734,-9.657219151087782,-8.81570081706985,-25.893003006620507,-33.46188685968555,29.02377306744892,-43.71539249702875,1.2487607982340685,False,-23.80466770859777,Germania,5.21202178560337,18.952937392572384,31.557826343456096,60.5,41.5,42.6,42.9,100.0,47.7,148.0,P/E forward basso | Dividendo sostenibile | Ipervenduto | Lontano dai massimi | Buyback in corso | Upside analisti,2026-10-01T18:13:51.058049+00:00
BESI.AS,BE Semiconductor Industries N.V,Technology,Semiconductor Equipment & Materials,EUR,Netherlands,15145261056.0,15350617088.0,72.77566,29.047709,0.65,26.98435,20.63865,55.085,20.918,44.873002,14.741999,28.435,43.537998,64.088994,37.974998,62.453,4.283,3.698,358012992.0,509094016.0,278672992.0,172208000.0,248447008.0,82.0,60.309999999999995,2.64,68.7,178.0,1.777,1.331,2.63,6.58916,7.093,289.91302,1.82609,23.0,79128851.0,71984291.0,0.108909994,27.110358402766522,0.6968661423985033,136352000.0,-6.475911990843208,-0.03827282935500165,191.39999389648438,188.05249938964843,201.01899963378906,212.07556770324706,-4.785122677372955,-9.749154054225418,False,48.11009562055999,2.0777178225992525,True,22.388499872077546,3.8901324544060305,62.57708824228363,320.29998779296875,122.03067779541016,-40.243521326576214,34.987419940044376,-0.5714317420860371,-25.842700747662906,0.6567215152990968,31.248145368768697,52.85967273378381,-45.067123429935805,0.9760523430256672,False,31.819577110854734,Paesi_Bassi,1.1370421372286448,1.3740857863741807,51.469712249204576,33.4,65.1,39.2,53.8,100.0,47.4,149.0,ROIC forte | Bilancio solido | Dividendo sostenibile | Lontano dai massimi | Upside analisti,2026-10-01T18:13:51.058049+00:00
BAS.DE,BASF SE                       N,Basic Materials,Chemicals,EUR,Germany,42529542144.0,63390277632.0,20.756302,16.67978,0.68,1.1795044,0.69057155,9.651,1.029,6.1160002,2.329,9.423999499999999,5.183999999999999,23.552,10.665,71.358,1.855,1.192,26684999680.0,7887000064.0,6568000000.0,1055000000.0,4734000128.0,4.48,94.67,6.54,16.400000000000002,52.989,51.456,0.749,2.38,2.96167,41.882,52.47368,2.4,19.0,860921903.0,866065063.0,0.0,4.01617980489601,2.7042791310072416,1343000000.0,-11.928539893735646,0.0,49.400001525878906,51.80599994659424,51.48289993286133,48.73612400054932,-4.045806296262877,1.36218777948387,True,35.51678807233213,-0.35609549367321547,False,18.113439143059704,2.210942805867639,0.5185557048708871,54.0,39.88050842285156,-8.518515692816841,67.4209340401044,-7.455975014233651,4.373546618935542,-0.7942412168421731,17.997133425119614,24.951354694813705,-19.687200299174602,1.031417700027494,False,25.453108439353265,Germania,2.480628633216635,4.817813886115166,6.222021010487033,52.8,39.2,49.7,48.8,100.0,47.3,150.0,,2026-10-01T18:13:51.058049+00:00
VIE.PA,VEOLIA ENVIRON.,Industrials,Waste Management,EUR,France,22647855104.0,49438593024.0,17.744186,11.662966,0.94,2.2788024,0.5084721,8.57,1.11,13.434,3.053,2.7880002,7.9479999999999995,17.864001,12.952,250.259,0.818,0.75,33780000768.0,9509000192.0,5768999936.0,2206125056.0,5184999936.0,4.87,87.21,3.47,0.7000000000000001,5.6000000000000005,0.038,0.99,1.72,2.61683,13.393,39.55882,1.64706,17.0,742066023.0,565602043.0,0.083620004,10.132337988137378,2.0315487571701722,,1.1601428212173026,0.1758187453350324,30.520000457763672,31.46200008392334,33.117999954223635,32.940408086776735,-7.844675101307352,-7.347837411840342,True,23.518688239028492,0.01136684530592258,True,34.41537547128821,1.6843944848268462,-7.993452609913147,37.52000045776367,27.210718154907227,-18.656716190288726,32.100026031293424,-4.2659935345187305,-17.69148071561577,-4.714574916625914,11.92522477522826,19.056272386283457,-18.656716190288726,1.0528140438041176,False,16.19121830974699,Francia,9.740988918682902,5.635648769687153,29.616053101785035,65.4,35.7,43.0,40.9,100.0,47.2,151.0,FCF yield elevato | P/E forward basso | Ipervenduto | Upside analisti,2026-10-01T18:13:51.058049+00:00
MBG.DE,Mercedes-Benz Group AG        N,Consumer Cyclical,Auto Manufacturers,EUR,Germany,38350647296.0,124221464576.0,7.587121,5.9471145,0.59,0.4037208,0.296144,10.352,0.959,5.5960003,1.8660001,3.8850000000000002,6.162999999999999,16.198999,9.2659995,110.208,1.321,0.772,102230999040.0,16542999552.0,12000000000.0,-3902625024.0,13827000320.0,8.62,66.290003,7.41,-3.3000000000000003,20.0,0.164,0.678,5.28,6.73604,99.227,56.33636,2.26087,22.0,957330201.0,681321064.0,0.20111,3.4719429847900467,5.035095289464222,8264000000.0,-4.123466631506645,-0.5788223664147663,40.060001373291016,44.353750228881836,45.47459991455078,49.440460186004636,-11.906863504976595,-18.973243326260537,False,23.155459675632684,-0.5094003476659854,False,35.86780676773906,2.7174795848051985,11.638460700211345,57.86711120605469,40.060001373291016,-30.772418843158878,0.0,-13.626562201976789,-11.771825899581334,-17.52089292258383,-22.063916486925773,25.671843638390477,-34.45581700162277,1.1518042419083427,False,-8.437354284948984,Germania,-10.176164678208826,13.180230024010426,40.62995024648408,56.5,41.3,47.2,40.1,100.0,47.2,151.0,P/E forward basso | Dividendo sostenibile | Ipervenduto | Lontano dai massimi | Upside analisti | Debito elevato,2026-10-01T18:13:51.058049+00:00
AIR.DE,Airbus SE                     A,Industrials,Aerospace & Defense,EUR,Netherlands,146977931264.0,152075354112.0,24.72703,38.76827,1.39,5.680462,1.9091514,16.89,1.975,23.193,3.131,7.714,11.3570005,16.309,11.6960004,54.988,1.146,0.363,14275999744.0,13128999936.0,9004000256.0,3128750080.0,8787999744.0,1.68,42.610002,1.8,27.700000000000003,125.8,1.264,0.878,7.51,4.79,32.691,,,,791480489.0,588339107.0,0.25706,24.18126361536431,-0.30283819369940507,4031000000.0,7.705233571858661,-0.09245513301981978,185.6999969482422,194.8584991455078,202.40779998779297,188.16788337707519,-8.254525290309179,-1.3115343514214506,True,28.198172100181765,-0.535061011168056,False,24.28859333401835,2.3547743918155186,-16.57652014870368,216.25271606445312,156.31069946289062,-14.128247576370246,49.0295441354662,-5.707324745518982,-11.339221936522126,16.331978201916165,-6.346848872952593,29.315791670975972,-27.71850346781173,1.2181869093090174,False,-0.639524127433611,Germania,2.128720994432951,4.044157345221,,41.6,46.8,45.7,61.8,100.0,47.2,151.0,ROIC forte | Bilancio solido | Ipervenduto,2026-10-01T18:13:51.058049+00:00
G.MI,GENERALI,Financial Services,Insurance - Diversified,EUR,Italy,63060930560.0,101216894976.0,14.189831,12.302069,9.75,1.9716452,1.0630635,12.531,1.706,15.14,0.849,7.684,14.612001,20.421,13.616,118.93,2.459,1.928,41485000704.0,7687000064.0,8077000192.0,4112624896.0,22057000960.0,3.84,55.63,5.87,5.4,17.1,0.179,0.657,2.95,3.40268,21.231,43.14737,3.0,15.0,1506472258.0,875265111.0,0.2527,,,19228000000.0,30.892886752971926,-1.2073556627247073,41.86000061035156,44.40550003051758,44.13220031738281,38.27531825065613,-5.148620940470705,9.36551940919259,True,33.61645545992448,-0.3591281233626346,False,28.460933687912433,2.0863613208855094,-4.51777443804866,46.189998626708984,30.57444190979004,-9.374319430816424,72.2712542700062,-5.10088408267213,-2.5151328618945423,23.491286054615102,32.67349716634453,18.48978866887822,-9.374319430816424,1.236239022659334,False,37.77438124901666,Italia,6.521668582240471,7.047300281448031,3.0754165572804304,44.8,39.4,54.0,52.4,100.0,46.6,154.0,,2026-10-01T18:13:51.058049+00:00
NG.L,NATIONAL GRID PLC ORD 12 204/47,Utilities,Utilities - Regulated Electric,GBp,United Kingdom,57004302336.0,101904015360.0,17.181818,11.615401,0.96,1.4350798,3.2229493,14.504,5.762,8.405999999999999,3.0050002,18.323999999999998,32.602,100.0,39.723998,121.294,0.764,0.651,47705001984.0,2828000000.0,7025999872.0,-3125125120.0,7829000192.0,4.23,72.110003,4.89,2.0,14.399999999999999,0.164,0.589,0.66,0.97629,7.902,1345.333,2.4375,15.0,5026834181.0,4928973584.0,0.0013799999,5.277540473673857,5.741520178261946,-2746000000.0,-6.530068408234769,1.5581198788703787,1134.0,1136.125,1167.52,1233.7710021972657,-2.8710428943401367,-8.086671028868409,False,45.0844003344094,2.1362416650772964,True,13.187048559996908,1.9970384579465479,46.15226399180243,1399.6456298828125,1077.074951171875,-18.97949196648112,17.647310367950944,-1.17647058823529,-8.842443729903538,-12.376432060034748,6.0231228478758725,21.049869622835025,-21.051444993793332,1.32800390675195,False,7.199593436111162,UK,-5.482261850306667,5.820105881694242,18.63606701940037,50.2,51.4,38.8,42.1,100.0,46.5,155.0,P/E forward basso | Dividendo sostenibile | Debito elevato,2026-10-01T18:13:51.058049+00:00
SAN.MC,BANCO SANTANDER S.A.,Financial Services,Banks - Diversified,EUR,Spain,171231543296.0,272587292672.0,13.422728,9.321192,0.93,1.5470858,3.5281467,,5.617,13.109000000000002,0.782,33.464,43.438998,0.0,0.0,,,,404829011968.0,315343011840.0,,,-36698001408.0,2.06,25.45,3.22,10.2,8.7,0.025,0.933,0.88,1.26722,7.635,13.6045,1.6,20.0,14496405510.0,14087854120.0,0.01582,,,-22494000000.0,3.4498999865810953,-3.030466918309438,11.812000274658203,12.64069995880127,12.60443992614746,11.073353567123412,-6.286988205206723,6.670487879370346,True,31.118414059508154,-0.0874437911049831,False,13.007301083145688,2.326265826226545,-30.995075756256718,12.95199966430664,8.087143898010254,-8.801724978344993,76.5666353862672,-7.079921539430822,-5.564439385833153,22.977795491025322,39.30463639843094,30.398081261869827,-17.1891814315276,1.0626424484074324,False,46.38455793786176,Spagna,-13.136598296679292,7.450050392140853,15.175242834928437,42.6,48.0,50.1,44.5,100.0,46.4,156.0,P/E forward basso | Ipervenduto | Buyback in corso,2026-10-01T18:13:51.058049+00:00
PHIA.AS,KON.PHILIPS N.V.,Healthcare,Medical Devices,EUR,Netherlands,20721463296.0,26836981760.0,18.596493,12.611391,0.76,1.8102639,1.1730237,11.108,1.519,10.154,4.0689997,6.306000000000001,13.991000000000001,45.938,13.677,65.049,1.257,0.726,7464999936.0,1788999936.0,2416000000.0,1527500032.0,2281999872.0,3.93,74.56,2.59,0.5,61.4,0.6,0.91,1.14,1.68102,11.711,26.895,2.4,20.0,977427472.0,976616207.0,0.18979,7.0355444348335086,1.9296153846153845,504000000.0,0.013087047711479727,2.8410380761302756,21.200000762939453,21.677000045776367,22.570399894714356,23.23131541252136,-6.071665270298688,-8.743864105461107,False,35.35771197066617,0.03162583810973796,True,28.72799772731887,1.8925315210917684,8.608069376847332,26.54710578918457,21.106731414794922,-20.141950948278343,1.714392093742539,-7.261591439592618,-13.469384641063453,-4.812519327760889,-8.377597947772731,27.43480434578618,-23.51838726588059,0.9325199894576182,False,-1.1160065081801127,Paesi_Bassi,7.3715838026499965,5.377357978195136,26.863202981653632,56.9,38.4,43.3,46.9,100.0,46.4,156.0,Upside analisti,2026-10-01T18:13:51.058049+00:00
DSFIR.AS,DSM FIRMENICH AG,Basic Materials,Specialty Chemicals,EUR,Switzerland,23501672448.0,29019516928.0,68.64286,23.371191,0.73,1.3488287,2.595436,22.152,3.205,1.8739999999999999,1.2269999999999999,-15.229000000000001,7.933,39.183,14.466999999999999,37.638,1.746,0.816,6765000192.0,2308000000.0,1310000000.0,-140375008.0,1650000000.0,2.56,178.57001,,0.5,-56.2,-0.584,0.568,1.4,4.1119,71.247,94.22,2.05,20.0,244554350.0,217035990.0,0.09486,2.6494701221728456,0.9080280592361653,651000000.0,2.4957934515442703,-5.1802660982161015,96.0999984741211,94.1060001373291,92.26759994506835,73.07302103042602,4.15356910912863,31.512283355723227,True,56.39796181792204,0.2367257745079805,True,27.62971266176125,2.1603383604306066,66.10858526094195,98.91999816894531,53.34527587890625,-2.8507882602342383,93.81236011296427,1.7146433738654432,15.33845274376635,63.02669817010056,36.91381551358581,30.729677733582232,-53.96068367153972,1.062140293199714,True,35.19917213972037,Paesi_Bassi,-0.5972979510738861,1.4568157562199477,-1.9562939687531422,32.2,31.3,73.0,59.8,100.0,46.3,158.0,Bilancio solido | Trend rialzista | Buyback in corso,2026-10-01T18:13:51.058049+00:00
EOAN.DE,E.ON SE                       N,Utilities,Utilities - Diversified,EUR,Germany,43808251904.0,89356836864.0,12.996124,13.458944,0.82,2.0651639,0.5823552,8.972,1.188,15.546,3.798,4.4889998,5.0329998,24.913,13.239999,152.987,0.956,0.746,42794999808.0,4264999936.0,9959999488.0,-2655650048.0,7637000192.0,3.38,44.189999,4.17,-0.5,-13.200000000000001,-0.132,0.809,1.29,1.24564,8.118,21.03694,1.8125,17.0,2613077958.0,2139451962.0,0.15,,,-937000000.0,-12.042838475369678,0.046171144504358885,16.764999389648438,17.360500144958497,17.87970001220703,17.96576521873474,-6.234448127192027,-6.683633090307461,False,31.97070435954224,-0.040548724973240746,False,25.4673379626532,2.012944406844826,-0.48188586561350416,19.702939987182617,14.539410591125488,-14.911178734977637,43.10208440417534,-3.9805253795361817,-11.739938673648197,-12.006978825064262,8.193112728485286,22.344516507529793,-14.911178734977637,0.9720396625848902,False,12.173638108021468,Germania,-6.06198588754353,7.694601867449095,25.481304896374034,55.4,43.2,39.7,45.2,100.0,46.3,158.0,Ipervenduto | Upside analisti,2026-10-01T18:13:51.058049+00:00
SHL.DE,Siemens Healthineers AG       N,Healthcare,Medical Devices,EUR,Germany,42093072384.0,55039549440.0,19.091372,15.854482,1.77,2.195307,1.8168626,13.685,2.376,12.147000400000001,4.4799999999999995,9.552,16.412,39.019,17.36,78.296,1.162,0.705,15002999808.0,2360000000.0,4022000128.0,2145374976.0,3422000128.0,2.63,50.760000000000005,1.84,1.7999999999999998,22.400000000000002,0.212,0.835,1.97,2.3722,17.132,45.52105,1.95,19.0,1119198976.0,357714300.0,0.6702,,,,,-0.22033136803936149,37.61000061035156,38.24349994659424,38.56779998779297,38.20709102630615,-2.483417197103688,-1.5627738200311714,True,43.60458891386985,-0.040553654991668325,False,15.991150420127566,2.139606980133929,23.246355400061255,48.36732482910156,33.400001525878906,-22.240891462902557,28.127935765015444,-4.688288183080724,7.826833310311732,4.6466389745532855,-17.89791721853229,24.78808939523645,-40.03250005205269,1.0375649589440172,False,-13.209629035451565,Germania,5.0967412319740255,5.237968229837017,21.034430367626868,47.9,40.7,50.1,47.5,100.0,46.2,160.0,,2026-10-01T18:13:51.058049+00:00
GLE.PA,SOCIETE GENERALE,Financial Services,Banks - Regional,EUR,France,47886540800.0,-302810398720.0,8.683311,7.1996064,0.67,0.67443717,1.8378316,,-11.622,9.453,0.46299999999999997,24.67,38.057998,0.0,0.0,,,,354253012992.0,716831981568.0,,,2552000000.0,2.52,21.16,4.4,4.1000000000000005,34.9,0.233,0.966,7.61,9.17828,97.978,90.015,1.9,20.0,724675284.0,730999538.0,0.08813,,,-29009000000.0,13.370648776675576,-5.224236744697963,66.08000183105469,72.52599983215332,76.1852000427246,71.62898170471192,-13.263991176767831,-7.746836185013373,True,29.58746494383675,-0.4174318807023867,False,34.632252475436616,3.2806887651064596,-24.406677274049667,84.2300033569336,52.141761779785156,-21.54814294493893,43.43721988554093,-8.867742539981194,-15.02057611149905,3.7232336353431483,24.77300609254702,34.94903839590119,-21.54814294493893,1.1835885182296582,False,33.640748632528215,Francia,-60.57860834249276,11.516344399043176,36.22124319872056,55.3,40.3,38.6,52.4,100.0,46.2,160.0,P/E forward basso | Ipervenduto | Buyback in corso | Upside analisti,2026-10-01T18:13:51.058049+00:00
DB1.DE,DEUTSCHE BOERSE AG            N,Financial Services,Financial Data & Stock Exchanges,EUR,Germany,51688476672.0,56369299456.0,24.736843,21.048708,3.31,4.991122,6.6703415,16.842,7.274,20.412001,0.5640000000000001,27.294,41.948003,80.474997,43.193,57.645,1.009,0.009,6186999808.0,1775000064.0,3347000064.0,2181125120.0,2966000128.0,1.47,36.21,1.87,11.700000000000001,13.700000000000001,0.118,0.312,11.59,13.62079,57.442,297.35715,1.85714,14.0,180287660.0,180282251.0,0.0,12.926861656842195,1.7064788732394367,2430000000.0,12.20218780972222,-0.9100330567177295,286.70001220703125,281.03499908447264,277.75999938964844,246.4576975250244,3.2186106124091562,16.328284766971347,True,59.908233494395326,0.4278725104971426,True,23.923491226218534,1.725927113334232,87.04197664177028,291.20001220703125,199.8177032470703,-1.545329605549839,95.07563329137189,2.796707953117372,12.785214653407895,13.72180979016644,26.330211873640287,22.70066479003683,-29.61453914619113,1.029323121262825,True,23.533503920522914,Germania,4.219751210392181,4.042553045269358,3.717173819048547,23.8,56.6,59.9,46.6,100.0,46.1,162.0,Trend rialzista,2026-10-01T18:13:51.058049+00:00
CPR.MI,CAMPARI,Consumer Defensive,Beverages - Wineries & Distilleries,EUR,Italy,7217762304.0,9445692416.0,26.165218,17.147741,1.48,1.8082932,2.3780186,14.685,3.112,6.676,4.2129997,8.873000000000001,17.393998999999997,59.736,21.191,70.273,2.581,1.014,2806000128.0,711000000.0,643200000.0,172050000.0,556600000.0,1.63,43.480000000000004,0.86,-1.0,-36.6,-0.374,0.455,0.23,0.35095,3.328,7.11905,2.2381,21.0,1199362292.0,576257600.0,0.50663,7.152217478375575,2.6028855582014288,388300000.0,4.190061965387759,-0.30928408142398833,6.01800012588501,5.920499968528747,5.8873199939727785,5.869594578742981,2.2196879402855085,2.5283781554434226,True,54.97615040456036,0.009928524769843808,True,27.139136351403994,2.2348872665714614,68.51997458651202,6.636676788330078,5.2833380699157715,-9.32208516667481,54.28515758641964,3.794416564063341,9.457984125434017,-1.9595945534648829,11.902524351489241,33.84353418024135,-52.58807906280868,0.9442419415766139,True,8.1081077874259,Italia,2.3837027703815057,3.8218676412327235,18.295943022318717,32.0,41.9,64.6,50.6,100.0,45.9,163.0,Trend rialzista,2026-10-01T18:13:51.058049+00:00
ERG.MI,ERG,Utilities,Utilities - Renewable,EUR,Italy,3244317952.0,5569723392.0,39.157894,18.643656,0.94,1.7170552,4.188346,10.426,7.19,4.0649999999999995,2.9860001,6.622,30.764999999999997,75.92999999999999,68.963,137.035,1.648,1.493,2673253120.0,467249984.0,534192992.0,199806496.0,528440000.0,4.4,176.67999,3.96,,,,0.69,0.57,1.19719,12.999,24.68571,2.42857,7.0,145354760.0,33280426.0,0.62533003,3.5697016354201727,,231862000.0,1.3715195762071808,-0.41046877453151387,22.31999969482422,22.392999935150147,22.19840000152588,22.156861085891723,0.5477858462320739,0.7362893520886482,True,48.84266313782661,0.0009161979095479444,True,12.78053430837856,2.11210196756852,45.07881371905309,24.639999389648438,19.73805046081543,-9.415583410277517,52.67189176170112,1.2704118315149948,-5.423731635405138,3.3569136013245737,7.058387085412177,26.694661460397246,-21.304181582493918,0.9043998651176123,True,5.787975253897182,Italia,6.158659507365078,2.5537634889149046,10.599060651978265,42.3,41.8,48.6,56.8,100.0,45.9,163.0,Trend rialzista,2026-10-01T18:13:51.058049+00:00
UBSG.SW,UBS GROUP N,Financial Services,Banks - Diversified,CHF,Switzerland,119591649280.0,147464585216.0,15.942858,11.137979,0.69,1.6543698,2.2547445,,2.78,10.671999999999999,0.5660000000000001,17.949,30.999001999999997,0.0,0.0,,,,599213015040.0,575371018240.0,,,14174000128.0,2.14,37.41,2.36,14.6,20.599999999999998,0.169,0.832,2.45,3.50692,23.610199,44.51706,2.47059,17.0,3061742149.0,3045912942.0,0.00063,,,19489000000.0,12.439992934421639,-2.6182877301299423,39.060001373291016,41.99850006103516,42.81040008544922,37.03393029212952,-8.760485079962898,5.470850825660478,True,30.65876732819872,-0.2542582154271117,False,33.34855047991324,2.7131652018155727,12.76400308793055,45.0,28.141935348510742,-13.199996948242188,64.76464677584305,-12.499995727265546,-6.778043076761719,27.889740500862747,24.076252885275508,23.856871542683972,-23.814505652022145,1.2588116436109897,False,36.57624861254105,Svizzera,16.296288342315936,6.272401096465891,13.97096373488733,45.1,38.6,51.4,53.0,100.0,45.9,163.0,FCF yield elevato | P/E forward basso | Ipervenduto | Buyback in corso,2026-10-01T18:13:51.058049+00:00
LONN.SW,LONZA N,Healthcare,Diagnostics & Research,CHF,Switzerland,39154675712.0,43846971392.0,36.237877,25.416775,1.05,4.8172684,5.698541,18.346,6.381,12.895000000000001,5.444,-1.601,23.413999999999998,37.141999999999996,34.784,51.116,1.663,0.588,4167000064.0,487000000.0,2390000128.0,-1567000064.0,1435000064.0,87.0,32.279998,0.7,11.200000000000001,39.2,0.387,0.842,15.47,22.0563,116.373,688.1739,1.54167,23.0,69844229.0,69741488.0,0.00090000004,8.893599214931898,1.8396726047183438,-217000000.0,1.623300156343599,-3.186025133459769,560.5999755859375,555.25,566.0800012207031,528.2383448791504,-0.9680655778244174,6.126331232957116,True,48.37808569354285,2.9490711836827437,True,18.413482108510422,2.0581793425072403,57.967642930333774,593.7999877929688,461.8567199707031,-5.591110287898249,74.83766109859172,-3.9081329917708185,-3.4114486552811463,10.20987448855475,8.980137925601039,22.863894341615218,-23.333636943347592,1.024308557370839,False,12.888270917371857,Svizzera,-4.00207647108606,2.7595435571460216,22.75667676951334,31.0,41.1,59.1,61.0,100.0,45.6,166.0,Dividendo sostenibile | Buyback in corso,2026-10-01T18:13:51.058049+00:00
LLOY.L,LLOYDS BANKING GROUP PLC ORD 10,Financial Services,Banks - Regional,GBp,United Kingdom,58716061696.0,60087590912.0,12.762501,8.417148,0.63,1.4299719,2.98157,,3.051,11.3400005,0.5579999999999999,26.430999999999997,44.961,0.0,0.0,,,,167551991808.0,169778003968.0,,,2544000000.0,3.75,45.630002,4.37,12.3,17.7,0.097,0.906,0.08,0.1213,0.714,121.316,1.89474,19.0,57508387441.0,54628084550.0,0.00052,,,-622000000.0,7.659952035955997,-2.8620251486445647,102.0999984741211,109.24249992370605,111.6219059753418,104.13973972320557,-8.530500727450562,-1.9586579095606793,True,30.714414657655155,-0.516636837828149,False,27.440987855420097,2.516953656334933,-20.03194077066475,117.08419799804688,82.40927124023438,-12.797798319612475,56.786644053834266,-7.559980719631865,-11.244001859953167,4.5425577456690736,21.941349845797053,27.355219438279114,-19.680279640932262,1.180081159061274,False,29.501330565428916,UK,-1.059335353962225,7.835454821903638,18.820765732674836,50.1,44.3,39.5,48.8,100.0,45.5,167.0,P/E forward basso | Ipervenduto | Buyback in corso,2026-10-01T18:13:51.058049+00:00
BA.L,BAE SYSTEMS PLC ORD 2.5P,Industrials,Aerospace & Defense,GBp,United Kingdom,56865959936.0,63712976896.0,27.757143,20.272314,2.71,4.6989117,1.935533,16.977,2.169,18.626,4.795,7.192,9.668000000000001,13.315,12.774,72.95,1.021,0.897,9153000448.0,4200000000.0,3752999936.0,2938374912.0,5600999936.0,1.9299999999999997,52.01,2.55,7.7,5.6000000000000005,0.053,-0.057,0.7,0.95845,4.135,2328.15,2.25,20.0,2926709179.0,2863163660.0,0.00449,14.787045656233433,1.325070821529745,2329000000.0,10.053885566377208,-0.046827353754252954,1943.0,1972.7,2060.29,2018.0933081054689,-5.692887894422627,-3.7210027803899925,True,40.8549658742365,-2.0877349056636945,False,27.939421963850837,2.3614835436704213,33.69839472430509,2330.74853515625,1609.326416015625,-16.636223483897027,46.25219758743395,-2.238993710691828,-1.9429724955841499,-15.328557236034236,-5.662628651789348,30.151437506861285,-23.114828864201474,1.0034063606392116,False,-3.4236349410975198,UK,5.16719477752069,3.602676255261574,19.8224395265054,47.9,42.1,42.5,51.3,100.0,45.4,168.0,,2026-10-01T18:13:51.058049+00:00
ENI.MI,ENI,Energy,Oil & Gas Integrated,EUR,Italy,68918386688.0,96835166208.0,12.515626,9.69405,0.44,1.5224278,0.7663389,7.316,1.077,10.901,3.0700000000000003,5.874,10.658,21.52,14.718,64.975,1.48,0.816,36990001152.0,15088000000.0,13235999744.0,-8982875136.0,13125000192.0,4.5,54.690000000000005,6.19,18.5,5.806,5.112,0.241,1.92,2.47884,15.784,25.94545,2.18182,22.0,2868014352.0,1743284388.0,0.36356997,8.991758958771054,1.2256655867023525,4101000000.0,-14.73203822415796,-4.073241740929867,24.030000686645508,23.791032695770262,23.45320499420166,21.079152245521545,2.459346995800571,13.99889524376341,True,54.41600740425984,0.006218392969513986,True,14.14367343079052,2.1685171444599907,63.168209416700485,24.579999923706055,13.979755401611328,-2.2375884408775026,94.81144764241853,2.0747223814948645,19.195643478027225,-1.200597126446612,69.85773217489549,27.355233968294346,-18.371762343297824,0.9891778932810369,True,67.78300979340062,Italia,-13.034076344047808,7.990011845991563,7.971074734171735,48.1,39.5,46.2,48.6,100.0,45.1,169.0,P/E forward basso | Dividendo sostenibile | Trend rialzista | Buyback in corso,2026-10-01T18:13:51.058049+00:00
LDO.MI,LEONARDO,Industrials,Aerospace & Defense,EUR,Italy,27575144448.0,33033527296.0,24.51282,16.70762,1.31,2.855948,1.3394445,14.159,1.605,11.892999999999999,3.32,5.469,7.813000000000001,39.894,11.332,41.533,0.9,0.476,4512999936.0,986000000.0,2332999936.0,1092375040.0,2236000000.0,1.29,32.29,4.7,16.7,93.89999999999999,0.944,0.367,1.95,2.86097,16.737,69.14737,1.89474,19.0,576885870.0,577702316.0,0.30200002,13.057641412439624,0.5208159866777685,734000000.0,9.8500001701594,0.08790684997919129,47.79999923706055,49.758999824523926,53.31259986877441,53.89655303955078,-10.340145941640033,-11.31158387442035,False,31.754163493966686,-0.014805475332749118,False,37.516951567311104,2.745236640728888,-11.646154415001202,63.49122619628906,44.43199920654297,-24.714008374507713,17.6712310123048,-6.985795281622497,-12.96431021352581,-15.495578087101347,-13.08160247762683,37.79160851007854,-27.4545411504698,0.9223393534862642,False,-6.095807196004333,Italia,3.961448115203723,4.079497993294937,44.659772183402644,51.9,40.1,37.2,54.0,100.0,45.0,170.0,Bilancio solido | Ipervenduto | Upside analisti,2026-10-01T18:13:51.058049+00:00
IFX.DE,INFINEON TECHNOLOGIES AG      N,Technology,Semiconductors,EUR,Germany,77216268288.0,83172999168.0,72.46341,20.844587,0.52,4.446939,4.952618,19.85,5.335,7.019,5.333,7.774,14.238000000000001,41.132998,26.874,40.183,1.728,0.74,7240999936.0,1656000000.0,4190000128.0,1743874944.0,3363000064.0,59.0,42.68,0.93,12.6,39.6,0.387,1.933,0.82,2.85062,13.362,86.73913,1.54167,23.0,1299499659.0,1304000000.0,4.0000003e-05,5.091575702024832,1.668089951608312,1123000000.0,1.0302827476500243,0.22911170609716258,59.41999816894531,57.28950023651123,58.2520002746582,55.39804759979248,2.0050777463091363,7.260094431862085,True,54.33695434268532,0.5317829091343131,True,11.7497727051051,4.217057037903621,76.1579373294556,88.0,31.452974319458008,-32.47727480801669,49.45799272889227,6.54473315621702,-23.04105831689488,55.28550664244827,74.90061161221068,52.763403878436435,-38.59090805053711,0.947900691277691,False,68.35587845599366,Germania,2.258429451026723,1.3800068199937046,45.976325602333155,47.5,33.8,55.8,44.5,100.0,45.0,170.0,Dividendo sostenibile | Lontano dai massimi | Upside analisti,2026-10-01T18:13:51.058049+00:00
AMP.MI,AMPLIFON,Healthcare,Medical Distribution,EUR,Italy,3131845632.0,4285852416.0,38.01613,13.397678,0.35,2.0689957,1.3044122,12.38,1.785,5.737,3.7750001999999996,3.011,13.297999999999998,23.892,14.419,117.681,0.733,0.669,1781863040.0,711990016.0,346204000.0,354010880.0,416832000.0,2.4,93.44,1.31,2.1999999999999997,5.5,0.094,0.991,0.31,0.87963,5.696,13.625,2.375,16.0,265748459.0,102225460.0,0.35005,5.298762258320537,2.984840169306821,296358000.0,4.173883156690228,-2.3889934922928013,11.78499984741211,11.628250122070312,11.836800022125244,11.262331125736237,-0.43761975040813583,4.640857348630867,True,51.1776039963259,0.047507762314376936,True,12.710286983553898,2.7671723603738902,66.4597485274995,15.302909851074219,7.818890571594238,-22.988503741431654,52.994375451334385,-2.4420536271281823,10.657279526160846,33.47527528165435,-17.72879626081987,40.0650236085679,-76.46614462984277,0.7288416725107034,False,-15.286742633691688,Italia,11.303586498097234,2.6304623853085523,15.613068955549792,49.2,33.0,57.9,38.5,100.0,44.9,172.0,FCF yield elevato | Buyback in corso,2026-10-01T18:13:51.058049+00:00
KER.PA,KERING,Consumer Cyclical,Luxury Goods,EUR,France,26644914176.0,37699940352.0,,21.930489,0.25,1.8398726,1.8431733,14.978,2.608,-1.601,2.48,-1.4730001,12.755999000000001,72.088,17.410999999999998,116.567,2.047,1.382,17906999296.0,8480000000.0,2516999936.0,2548875008.0,7720000000.0,1.34,101.01,2.95,-2.9000000000000004,-60.099999999999994,-0.601,0.992,-2.61,9.90858,118.106,283.90656,2.875,24.0,122618101.0,70028566.0,0.42529,1.507953191787541,4.434615384615385,2270000000.0,-10.326500468615606,0.015218386910853532,217.3000030517578,232.4224998474121,251.85399932861327,258.40162780761716,-13.719852124234166,-15.906101329384793,False,31.761093642787188,-0.5721440801488269,False,18.324123310972027,3.1330754304769814,0.76744393583409,339.7642517089844,217.3000030517578,-36.04388867905971,0.0,-12.958138047517942,-12.975568399065796,-14.747205018843534,-24.549713361481153,42.91229269360493,-46.08885055805584,1.0633052444812259,False,-11.591575313963212,Francia,9.5660845111517,,30.651889559512547,49.2,44.6,46.1,35.3,100.0,44.9,172.0,FCF yield elevato | Ipervenduto | Lontano dai massimi | Upside analisti | Debito elevato,2026-10-01T18:13:51.058049+00:00
LHA.DE,DEUTSCHE LUFTHANSA AG         V,Industrials,Airlines,EUR,Germany,9126189056.0,15980951552.0,13.557143,5.914201,0.63,0.7539226,0.222043,5.035,0.389,6.2010000000000005,1.506,1.63,-1.517,17.893,7.7219999999999995,121.939,0.858,0.668,14840000512.0,8144000000.0,3174000128.0,-3529750016.0,3470000128.0,4.3,58.77,5.37,7.9,-88.1,-0.878,1.268,0.56,1.28369,10.07,9.59167,2.94444,18.0,1202079790.0,1021611551.0,0.20037001,6.957308429501258,2.685783035893323,-438000000.0,8.623725709842534,0.08110996408221549,7.5920000076293945,7.683500027656555,8.027119998931886,8.204117422103883,-5.420623976723771,-7.461100115721109,False,42.288042151446675,0.026421470520969936,True,17.881499659181674,2.4574059522647684,25.489880471010277,10.085000038146973,6.609675884246826,-24.71988122050265,28.265683426398237,-0.26274278713324106,-24.71988122050265,7.2502035328972925,7.308486646708268,39.142800578745224,-25.13684202831351,0.8213599650677539,False,7.571229433841509,Germania,-38.677152032910946,7.376185380651366,26.339172686526435,62.6,30.2,42.0,41.6,100.0,44.6,174.0,P/E forward basso | Dividendo sostenibile | Upside analisti,2026-10-01T18:13:51.058049+00:00
PAH3.DE,Porsche Automobil Holding SE  I,Consumer Cyclical,Auto Manufacturers,EUR,Germany,7561312256.0,12833062912.0,79.645164,1.7820553,0.05,0.21164793,,,,0.27,-0.087,0.0,0.0,0.0,0.0,19.333,11.233,11.177,6906999808.0,1916999936.0,-57500000.0,-423000000.0,429000000.0,5.9,487.10003000000006,3.06,,,,0.959,0.31,13.85479,116.656,35.025,3.0,10.0,153125000.0,153125000.0,0.0,6.749754616631286,2.025693035835024,,-20.406860415056794,0.0,24.690000534057617,27.65650005340576,27.97840000152588,30.658352422714234,-11.753350682272467,-19.467294936027844,False,30.459213659300815,-0.37444250699727344,False,20.508129950850638,3.4069219154392623,7.691743997491238,38.9703254699707,24.690000534057617,-36.64409974434791,0.0,-9.49413521773035,-12.971449405410807,-16.91493760406757,-23.958105578791333,24.448413979354562,-43.8139618018984,1.2960576585794088,False,-14.463970361060984,Germania,-5.594267048875596,1.2555690135812891,41.85904917938819,47.4,37.6,44.1,53.7,100.0,44.6,174.0,P/E forward basso | Ipervenduto | Lontano dai massimi | Upside analisti,2026-10-01T18:13:51.058049+00:00
NESN.SW,NESTLE N,Consumer Defensive,Packaged Foods,CHF,Switzerland,191964758016.0,252584460288.0,25.913193,15.517172,1.86,6.5695424,2.162374,15.346,2.845,26.244,6.647,8.3809994,16.113001,45.701997999999996,18.540001,213.005,0.83,0.384,62845001728.0,6134000128.0,16458999808.0,4374249984.0,16373000192.0,4.08,107.27,3.17,-2.5,-31.5,-0.315,0.496,2.88,4.80951,11.36,88.22727,2.22727,22.0,2572220000.0,2570890140.0,0.00018999999,10.981728764271992,3.305546985870303,10993000000.0,-1.7520480105449265,-0.019241890084820135,74.62999725341797,77.50649948120117,79.08279953002929,77.72220439910889,-5.630557217338394,-3.9785376258915983,True,33.64912743793438,-0.16037707821062663,False,9.487649620253766,1.728711502261308,-8.225967691588378,86.16999816894531,69.03128051757812,-13.392133179464583,32.66706908724425,-5.08711705420557,-10.815013167725873,-0.9091387964524689,7.750489602062771,23.001601692283874,-26.919908925186352,1.0506516049056078,False,12.837606656268342,Svizzera,2.2786734550700247,3.85903813551653,18.219580928578004,30.7,56.4,50.5,38.3,100.0,44.5,176.0,,2026-10-01T18:13:51.058049+00:00
CS.PA,AXA,Financial Services,Insurance - Diversified,EUR,France,87608786944.0,53780885504.0,11.293801,9.349236,19.24,1.8967001,0.90510553,,0.556,14.881,1.051,10.379,11.982000600000001,14.852001000000001,0.0,119.437,11.53,8.966,61108998144.0,99860996096.0,,-26394499072.0,14919999488.0,5.45,62.5,5.69,4.5,13.200000000000001,0.063,0.581,3.71,4.48165,22.091,51.93111,1.72222,18.0,2090901706.0,1592207338.0,0.20605,,,21924000000.0,9.148116355779234,-5.516092451048237,41.900001525878906,43.73449993133545,44.12779983520508,40.333598613739014,-5.048514355227018,3.883618040484782,True,35.204402754382926,-0.18524882237561485,False,21.95356166275562,1.9032642713667818,-7.526422193027245,45.56999969482422,35.342376708984375,-8.053540034063566,64.11680236916798,-3.2555987132377395,-5.139227387748402,10.117874223716905,12.60279491659999,17.738396848692677,-13.686643153007816,1.2498011567094691,False,15.85839362983773,Francia,-30.12768466805904,8.854414913101444,23.94059214514712,48.6,39.4,42.5,49.4,100.0,44.4,177.0,P/E forward basso | Dividendo sostenibile | Buyback in corso,2026-10-01T18:13:51.058049+00:00
TIT.MI,TELECOM ITALIA,Communication Services,Telecom Services,EUR,Italy,14019783680.0,26770530304.0,43.81333,23.126188,4.08,1.2127699,0.99586475,7.139,1.902,3.897,2.3689999999999998,1.598,11.981,45.106,26.637,104.611,0.898,0.615,13523000320.0,2355000064.0,3750000128.0,1417449984.0,3531000064.0,,0.0,5.03,6.4,,,0.755,0.15,0.28418,5.419,6.647,2.55556,10.0,2133259939.0,1619628781.0,0.68425006,5.985877493498442,2.428509343763581,37000000.0,-4.539587114595289,0.009803069506664208,6.572000026702881,7.433899974822998,7.520839967727661,6.832279996871948,-12.616143211347463,-3.8095624050570653,True,23.408186742599597,-0.11571570397502376,False,30.40704024509165,3.202946749553312,-9.224152276257197,8.138999938964844,4.684000015258789,-19.252978547893452,54.64544292721436,-12.976695089158197,-18.380526709631752,4.416902945003498,39.829793476745664,27.627275142506257,-19.252978547893452,1.5744284829930557,False,52.80648856590386,Italia,10.11035559715569,2.28241039884437,1.141204701649201,37.1,39.3,54.5,48.6,100.0,43.8,178.0,FCF yield elevato | Ipervenduto,2026-10-01T18:13:51.058049+00:00
SOLB.BR,SOLVAY,Basic Materials,Chemicals,EUR,Belgium,2534635776.0,4471130112.0,,9.656798,0.29,2.4294012,0.55413985,7.617,0.978,0.7779999999999999,3.687,0.087,6.398,21.382,12.833,201.26,1.15,0.816,2236000000.0,376000000.0,587000000.0,303875008.0,625000000.0,9.99,81.0,7.04,-5.8999999999999995,317.8,3.222,0.246,0.03,2.51222,9.986,24.87333,3.53333,15.0,104477978.0,66446527.0,0.3081,4.313575525812619,2.325072886297376,462000000.0,-15.897049115890727,0.012354368549138961,24.260000228881836,25.442999839782715,25.87239990234375,25.627086696624755,-6.232122569023257,-5.334537179065979,True,30.79583032425029,-0.1356194742378185,False,12.619409010721634,2.241351662885751,5.708197099781738,27.799999237060547,23.135774612426758,-12.733809731402769,24.103161981469675,-5.676512921656984,-7.333842833891646,-3.780840890060133,-1.0272162905407445,25.164876924161604,-29.953341145420076,1.0903468458397194,False,4.64929663111624,Belgio_Portogallo,11.98890234554947,0.12366034115167597,2.5281523715238396,61.9,35.9,35.9,35.8,100.0,43.7,179.0,FCF yield elevato | P/E forward basso | Ipervenduto,2026-10-01T18:13:51.058049+00:00
RHM.DE,RHEINMETALL AG                I,Industrials,Aerospace & Defense,EUR,Germany,44138655744.0,48153333760.0,36.362938,17.713528,0.33,8.876917,3.8674016,20.846,4.219,25.688,6.83,6.2649995,14.442,52.212,20.24,51.63,1.002,0.353,2977999872.0,255000000.0,2310000128.0,642764992.0,1312999936.0,1.2,44.13,1.29,68.8,-5.7,-0.046,0.431,26.01,53.39422,106.546,1607.9524,1.47619,21.0,46668063.0,46668063.0,0.016490001,27.19747202141285,-0.16811329374143444,1415000000.0,15.727511347833945,5.625767283295802,945.7999877929688,1001.0300048828125,1086.3,1337.1599856567382,-12.933813146187168,-29.268000991785236,False,32.33477656437472,-3.1012248572930403,False,29.84176739995492,3.5272154865803436,0.7350914266774962,1943.07763671875,945.7999877929688,-51.32464241675238,0.0,-13.261191616241575,-16.30088603602047,-37.60588305828387,-51.90061036239767,47.565192846557935,-51.96108137506994,0.934252526968752,False,-38.639418746156096,Germania,1.456240524695577,2.7500528147643077,70.00977170153794,38.2,55.4,28.1,56.3,100.0,43.6,180.0,ROIC forte | Bilancio solido | Lontano dai massimi | Upside analisti,2026-10-01T18:13:51.058049+00:00
BN.PA,DANONE,Consumer Defensive,Packaged Foods,EUR,France,37087019008.0,46929580032.0,19.066225,13.613549,1.37,2.1035328,1.3495022,10.403,1.708,12.1929996,5.021,7.132,13.303999999999998,50.036,16.414,98.519,0.967,0.707,17426999296.0,8338999808.0,4511000064.0,2077500032.0,3518000128.0,3.83,74.5,3.39,1.4000000000000001,12.4,0.13,0.181,3.02,4.22961,27.373,79.52273,2.18182,22.0,644095494.0,631712021.0,0.01695,7.316326554739041,2.8332194121667804,2724000000.0,-0.45760582174211306,-0.618554638398483,57.58000183105469,61.03700008392334,64.59800010681153,67.09335706710816,-10.864110752891287,-14.179280411528694,False,22.97402698986727,-0.13323290251229913,False,30.648377814196003,1.7704517689356696,3.0501305232454907,76.91645050048828,57.58000183105469,-25.13954887883294,0.0,-10.395269348130832,-20.579307819234916,-13.963442084295718,-17.58102658887576,23.179738220333903,-25.13954887883294,1.0831677190858844,False,-7.185757240744927,Francia,5.601690530996478,5.244876738840541,38.108245000282224,50.3,42.3,33.9,48.3,100.0,43.5,181.0,Ipervenduto | Upside analisti,2026-10-01T18:13:51.058049+00:00
NOKIA.HE,Nokia Corporation,Technology,Communication Equipment,EUR,Finland,51451543552.0,48825774080.0,76.58333,22.628222,0.87,2.4273639,2.5228765,18.743,2.394,3.4549999999999996,3.121,3.472,7.933999999999999,45.504,12.773000000000001,15.776,1.505,1.22,3359000064.0,5129999872.0,2604999936.0,1182875008.0,1134000000.0,1.55,116.67,2.45,8.4,-97.89999999999999,-0.978,0.767,0.12,0.40613,3.786,10.71955,2.56522,22.0,5598644598.0,4445435784.0,0.06678,3.969784312402161,-0.465601420328451,1465000000.0,-5.756932997732567,3.896873312816762,9.1899995803833,9.13280005455017,8.781080017089844,8.560978209972381,4.65682538477743,7.347540841514988,True,51.80056255152119,-0.009877620972384468,False,10.052238799269603,4.712572060666428,54.9495405376358,14.613557815551758,3.996053457260132,-37.113195182330635,48.9187095936251,8.015975277104136,-16.274458218348876,30.506539639967166,135.93453929579522,57.69702887776364,-48.29458829898745,1.2360727771314728,True,127.91856401869109,Nordics,2.2990078165575656,1.305767195027952,16.64363971116638,44.2,31.1,56.1,45.3,100.0,43.4,182.0,Bilancio solido | Trend rialzista | Lontano dai massimi,2026-10-01T18:13:51.058049+00:00
BP.L,BP PLC $0.25,Energy,Oil & Gas Integrated,GBp,United Kingdom,86085459968.0,138739154944.0,21.426922,8.873142,0.06,1.9938822,0.3995334,3.539,0.644,8.868,5.037,2.549,13.149999000000001,28.304002,18.191999,95.123,1.272,0.765,72692998144.0,37225000960.0,39197999104.0,12878874624.0,29105999872.0,4.56,95.559996,4.83,48.199999999999996,138.9,1.401,-0.22,0.26,0.6278497,2.7940466,637.44,2.15789,19.0,15452426735.0,15068362907.0,0.00287,5.784442572311148,1.1719116497263486,11272000000.0,-7.777687020784252,-2.988906858508533,557.0999755859375,557.8699981689454,543.1506335449219,514.8426699829101,2.5682271509054333,8.207809505072694,True,52.780433133099244,-1.7852560516854368,False,11.91545574097119,2.8481621169334703,48.225425750256626,606.1578979492188,410.2447204589844,-8.093257966159683,74.95935546973269,2.6912397393433096,19.269452347987738,-3.2585788277909034,31.92397067256463,31.04212730615797,-26.362318302325082,1.0330959763470688,True,29.23273093322132,UK,14.960568984341121,4.66702590320719,14.421114330433028,51.4,36.7,35.7,49.0,100.0,42.7,183.0,FCF yield elevato | P/E forward basso | Trend rialzista | Buyback in corso,2026-10-01T18:13:51.058049+00:00
ORSTED.CO,ORSTED A/S,Utilities,Utilities - Renewable,DKK,Denmark,178343378944.0,207928737792.0,,14.389133,0.49,1.450303,2.1314583,8.572,2.485,-1.4140001,2.9170000000000003,-2.8789999,13.395999999999999,44.916,28.992,66.602,2.109,1.837,101405999104.0,80614998016.0,24258000896.0,-20696750080.0,25045000192.0,,0.0,1.81,20.5,-94.6,-0.833,0.624,-6.1,9.38208,93.084,172.30435,1.96,23.0,1321062000.0,483323743.0,0.6511,2.737316884720322,2.680510395112819,-31035000000.0,-16.23765937926127,74.72292063733508,135.0,136.36750106811525,138.6340008544922,146.84500022888184,-2.621291192704145,-8.066328584847614,False,46.11485829437203,0.10162060541309559,True,11.621691018176586,2.7391736394841715,38.71194685929121,170.35000610351562,113.0999984741211,-20.751397027854924,38.253272676656444,0.0,-11.966094146177497,-11.764705882352944,14.74712983348725,35.33148944900089,-75.1701430353192,1.1271701214293588,False,14.74712983348725,Nordics,-11.605000534670143,,27.632851851851846,51.4,33.0,40.3,47.4,100.0,42.5,184.0,Upside analisti,2026-10-01T18:13:51.058049+00:00
DSV.CO,DSV A/S,Industrials,Integrated Freight & Logistics,DKK,Denmark,276857225216.0,364725764096.0,38.483242,14.125481,0.61,2.2034929,0.95214546,14.235,1.254,6.3020000000000005,4.5679998,2.3619999999999997,8.155999999999999,26.759002,8.811,75.828,0.965,0.942,95527002112.0,10058000384.0,25621000192.0,14194374656.0,12318999552.0,60.0,23.25,0.49,23.7,-4.0,-0.023,0.957,30.13,82.0857,526.21,1949.5,1.3,20.0,238772923.0,196144793.0,0.177,5.388784746501102,3.5650134594991436,18893000000.0,1.6235796238993183,0.7661383108726438,1159.5,1251.475,1327.54,1552.2138635253907,-12.657999005679677,-25.300241980409734,False,33.01119468886431,-4.5033035643546455,False,30.807121873946286,3.4938702684156677,10.102535180215268,1894.105712890625,1159.5,-38.783775788814424,0.0,-11.48854961832061,-29.36338714590314,-23.414795244385733,-9.012601568620093,34.534330033653795,-38.783775788814424,0.990535069537755,False,2.4759480497005164,Nordics,5.126965584851815,2.5985336682392823,68.132815868909,52.6,35.0,32.6,41.5,100.0,40.7,185.0,Dividendo sostenibile | Lontano dai massimi | Upside analisti,2026-10-01T18:13:51.058049+00:00
TEF.MC,"TELEFONICA,S.A.",Communication Services,Telecom Services,EUR,Spain,18455046144.0,58440114176.0,,8.355844,0.38,1.2577676,0.5092593,8.556,1.613,-10.339,0.9809999999999999,-9.109,9.852,44.816002,18.847,227.649,0.92,0.691,41693999104.0,5680999936.0,6830000128.0,3901874944.0,8935000064.0,4.49,111.11,7.72,,,,0.289,-0.47,0.39242,2.607,3.92273,2.95238,22.0,5628254398.0,3925313465.0,0.21993999,1.6537478615329375,3.935418648905804,,-4.238668793245404,-0.26637676809211364,3.2790000438690186,3.5415500164031983,3.607660007476807,3.5714526987075805,-9.11005923303878,-8.188619016132936,True,29.334037926079205,-0.030608210887698904,False,22.225600692677965,2.2225069033773877,3.7488153997730063,4.261876583099365,3.1116979122161865,-23.062060105822425,14.545751533052432,-10.287275799287688,-5.829984552092505,-12.091123993104647,-17.76090289146205,26.751088171268055,-30.90352980839206,1.238399216583787,False,-7.473627092174361,Spagna,21.14259110248042,,19.6318983689741,58.0,27.1,39.6,33.4,100.0,40.4,186.0,FCF yield elevato | P/E forward basso | Ipervenduto,2026-10-01T18:13:51.058049+00:00
HOLN.SW,HOLCIM N,Basic Materials,Building Materials,CHF,Switzerland,35665510400.0,45132148736.0,92.11429,14.951816,0.32,2.2600772,2.2604582,15.104,2.86,2.781,3.7699999999999996,2.4149998999999998,14.333999,42.033002,18.937999,65.636,1.087,0.741,10951999488.0,3601999872.0,2988000000.0,1066200000.0,3003000064.0,2.55,242.85999999999999,3.91,0.7000000000000001,-92.9,-0.933,0.74,0.7,4.31252,28.53,82.3075,2.1,20.0,553125111.0,503993358.0,0.08778,3.3993188739882454,1.244410761652141,1727000000.0,-18.633068257661968,0.38284981319103295,64.4800033569336,68.91300010681152,70.79080017089844,71.89369817733764,-8.914713209526859,-10.31202317916231,False,31.267141483727443,-0.21942349865690924,False,20.43046072125939,2.8278766966334348,6.870974783702905,80.17223358154297,60.36842727661133,-19.573148362704462,20.76154460922182,-9.157508724413233,-16.77852276297901,-2.609974145014926,-0.8849670645564744,29.027237028826967,-37.17219429826073,1.1976133656690775,False,8.27254165985676,Svizzera,2.9894427082137036,1.0856078899375983,27.648101294879048,39.4,41.5,33.7,44.5,100.0,39.4,187.0,Ipervenduto | Upside analisti,2026-10-01T18:13:51.058049+00:00
MARR.MI,MARR,Consumer Defensive,Food Distribution,EUR,Italy,324321952.0,702556864.0,14.8,8.68938,2.61,1.0902967,0.15434459,10.797,0.334,7.249,2.3359999,1.0570001,3.273,21.115999,3.097,205.097,1.515,1.009,610054016.0,243088992.0,65071000.0,-14384625.0,16606000.0,8.77,134.28999,4.7,1.7000000000000002,-32.7,-0.315,0.836,0.35,0.59613,4.751,8.56667,2.66667,6.0,62610417.0,29068764.0,0.5042,7.105936754995569,3.265740740740741,29088000.0,3.3141832766922397,-1.609942646938678,5.179999828338623,5.593499994277954,6.027599992752076,7.278526780605316,-14.061984296115448,-28.831754220627726,False,27.7519475651998,-0.012655424213861483,False,43.59994622317502,2.960753376766357,-2.4361173899109336,9.229549407958984,5.179999828338623,-43.875918537564615,0.0,-11.904766538747802,-23.03120633494813,-29.826977661159148,-40.982303134033025,31.095706890570057,-53.197140381431836,1.0732818789588436,False,-29.077536595285224,Italia,-4.435291817681216,6.756756756756756,65.3797352102921,58.6,29.0,26.1,42.2,100.0,39.2,188.0,P/E forward basso | Ipervenduto | Lontano dai massimi | Upside analisti,2026-10-01T18:13:51.058049+00:00
EL.PA,ESSILORLUXOTTICA,Healthcare,Medical Instruments & Supplies,EUR,France,66332160000.0,81012531200.0,27.078651,18.204159,1.61,1.6945975,2.265056,13.841,2.766,6.723,3.694,8.5159995,15.373000000000001,60.030997,19.986,38.359,0.889,0.499,15315999744.0,1931000064.0,5853000192.0,3285750016.0,5285000192.0,2.75,74.77000000000001,1.66,5.7,12.3,0.129,0.546,5.34,7.94324,85.33,232.6087,1.82609,23.0,458728595.0,266825081.0,0.36993998,5.393913762120713,1.6447946658584633,3766000000.0,5.167768691316765,1.419219363607871,144.60000610351562,145.60250091552734,156.66400024414062,193.32390083312987,-7.70055285312824,-25.203244151208672,False,42.034791130413566,0.7576840510830909,True,21.950881344710332,2.804888930271207,41.53354403764296,313.2956848144531,139.0,-53.84551619689437,3.212934450716393,-8.884682492668905,-16.222479148237802,-22.17800281116543,-46.38991930857777,31.536933300052304,-55.63296695825171,1.18472772780886,False,-37.50523681590886,Francia,4.953479603257304,3.6929461515641973,60.86354784347734,41.1,38.5,30.6,49.2,100.0,38.9,189.0,Lontano dai massimi | Upside analisti,2026-10-01T18:13:51.058049+00:00
GBLB.BR,GBL,Financial Services,Asset Management,EUR,Belgium,8212548608.0,14242885632.0,,24.575974,0.52,0.7759246,1.2410537,15.517,2.152,-3.8340001999999997,1.115,-9.307,8.834,70.52200400000001,13.871,63.222,2.453,1.86,7803800064.0,3689200128.0,917900032.0,10775000.0,591200000.0,7.21,495.05,4.45,,,,0.67,-2.34,2.83,89.635,88.44286,1.71429,7.0,118081211.0,63434446.0,0.35704,-1.0509596075978538,18.287324718174318,69000000.0,1.9005080601645519,-3.708212766957286,69.55000305175781,73.82000007629395,74.92200042724609,76.10803787231445,-7.170120051325668,-8.61674404424797,False,19.98795486828213,-0.39201505239092693,False,27.90907392921596,1.3832293813906573,-22.046651646071492,83.0,67.2350845336914,-16.204815600291788,14.683989413160184,-5.0511903730268815,-11.682535807291671,-6.411798198181917,-3.8643622944844913,15.415755306066774,-16.204815600291788,1.1315552699990634,False,1.1868280785423901,Belgio_Portogallo,0.131201658757963,,27.16442288892853,46.1,33.4,27.9,48.1,100.0,38.0,190.0,Ipervenduto | Buyback in corso | Upside analisti | Debito elevato,2026-10-01T18:13:51.058049+00:00
FER.MC,FERROVIAL N.V.,Industrials,Engineering & Construction,EUR,Netherlands,33491019776.0,42726989824.0,56.036144,40.57048,9.92,5.860635,3.3969996,27.601,4.334,11.615,2.624,6.146999999999999,10.4449995,87.139,15.701,144.091,1.198,1.087,10657000448.0,3864000000.0,1548000000.0,889625024.0,2488000000.0,3.01,133.94,2.08,5.2,-52.0,-0.522,0.781,0.83,1.1464,7.936,61.21,2.3,20.0,720082155.0,495259141.0,0.34994,12.163252137441523,3.2482482482482484,1739000000.0,8.4331731956794,-0.1635301032845149,46.5099983215332,48.27499980926514,52.051999969482424,56.385736312866214,-10.647048434639284,-17.514603226134597,False,27.507942376581852,0.1374540994467226,True,27.668528303686625,2.1556740297874715,2.746869312321017,62.55320358276367,46.5099983215332,-25.647295969428363,0.0,-6.550134832723186,-21.647577757230508,-17.234457782694644,-6.9092435297612775,22.31496692839934,-25.647295969428363,1.250826495929906,False,-0.35910869703809123,Spagna,2.6563091537675847,1.7845624781034184,31.606110963158194,32.1,43.8,32.2,45.7,100.0,37.7,191.0,Ipervenduto | Upside analisti,2026-10-01T18:13:51.058049+00:00
EDPR.LS,"EDP RENEWABLES, SA",Utilities,Utilities - Renewable,EUR,Spain,13320415232.0,25177917440.0,36.97059,25.698164,0.98,1.2739434,6.0521536,21.484,11.44,3.8340001999999997,0.57800002,13.901,12.86,79.120004,53.246,81.872,1.176,0.472,10154749952.0,562057984.0,1171913984.0,-3187052288.0,897771008.0,96.0,36.620000000000005,0.54,,,,0.746,0.34,0.48914,9.867,14.89783,2.04348,23.0,1059698965.0,303391814.0,0.71370006,2.9224208742799798,5.041716274714521,,4.209873024140975,1.0748840595813602,12.569999694824219,12.874500036239624,13.296800060272217,13.368826818466186,-5.465979499981433,-5.9752971183571475,False,40.130189087918886,0.009806333642965404,True,13.895815606388116,2.4450770685287786,25.189449440803124,14.545999526977539,11.184654235839844,-13.584489869455584,41.214018168168764,-5.772117308516645,-12.036390984047074,-10.154817742211552,1.4172453329223567,29.602260473055015,-36.490845130599816,1.2254050745330272,False,7.1893626414390015,Belgio_Portogallo,-23.926073117778316,2.7048526950746523,18.51893684718451,30.3,35.6,38.8,47.8,100.0,36.7,192.0,Dividendo sostenibile | Debito elevato,2026-10-01T18:13:51.058049+00:00
SPM.MI,SAIPEM,Energy,Oil & Gas Equipment & Services,EUR,Italy,,9094990848.0,33.038464,14.251111,0.38,3.6031878,,8.77,0.581,10.8509995,2.717,1.7070001000000001,2.169,32.777,6.6300004999999995,128.967,1.064,0.938,2983000064.0,2336999936.0,1037000000.0,1124999936.0,1503000064.0,3.9,130.77,2.55,3.5000000000000004,-71.2,-0.714,1.554,0.13,0.30138,1.192,4.93667,1.94444,18.0,,1261358379.0,0.21190001,8.419520483863648,1.3261390887290168,1140000000.0,15.789604345440921,-0.8637711949730065,4.295000076293945,4.326600027084351,4.364860033988952,3.8451575624942778,-1.600508542106982,11.698935778014352,True,44.78138528186071,0.0037042641718742046,True,11.784354718028283,2.4838043035741557,36.64786408921019,4.821000099182129,2.120619773864746,-10.91059971098981,80.52126146985013,-2.695966404910366,-2.3197580959567254,12.34370788561514,78.59768603215119,34.323385039376724,-18.419414917554946,0.7689416514009179,False,81.29365243706155,Italia,,3.0267750946290968,14.939928109611046,27.7,36.3,42.8,42.1,100.0,36.2,193.0,,2026-10-01T18:13:51.058049+00:00
LSEG.L,LONDON STOCK EXCHANGE GROUP PLC,Financial Services,Financial Data & Stock Exchanges,GBp,United Kingdom,37452451840.0,52230201344.0,29.208632,14.994248,0.75,2.1579676,3.877467,16.613,5.407,7.693999999999999,0.191,14.639,28.987000000000002,88.74600000000001,32.549998,64.292,1.001,0.008,13546999808.0,4241999872.0,3144000000.0,1719250048.0,3924999936.0,1.94,53.94,1.31,6.7,33.7,0.254,0.399,2.78,5.41541,37.628,11698.125,1.5,16.0,461237111.0,439333090.0,0.05061,6.10319147793019,1.9768263076583537,1716000000.0,6.472840191085583,-3.932661076908006,8120.0,8335.8,8567.59498046875,8708.817431640626,-5.224278009045902,-6.761164030162703,False,40.27481547585858,-8.560303158638561,False,15.370290609083385,2.7321474536477246,25.27685786834259,9991.3720703125,7168.75146484375,-18.729880712509285,33.70089955813516,-5.228758169934644,-6.337827154920028,-7.941349545042131,-5.674623918220368,32.761127312786826,-40.711624316854824,1.0494140065372513,False,-0.44586574828572356,UK,4.590487307332454,3.423645448372933,44.065578817733986,29.9,39.3,30.9,42.2,100.0,34.8,194.0,Buyback in corso | Upside analisti,2026-10-01T18:13:51.058049+00:00
STLAP.PA,STELLANTIS NV,Consumer Cyclical,Auto Manufacturers,EUR,Netherlands,14491011072.0,31920121856.0,,3.752683,0.78,0.1984983,0.09008405,,0.198,-28.693999999999996,-1.281,-12.104999,2.238,6.554,-0.19499999999999998,84.387,1.037,0.684,52097998848.0,31950999552.0,-313000000.0,-3343500032.0,-5249999872.0,,0.0,7.3,13.100000000000001,,,0.985,-6.77,1.025,19.378,7.25,,2.0,2900941252.0,2444536165.0,0.25231,-27.175496020302226,,-13792000000.0,-5.096693860387457,0.5898615706721788,3.8464999198913574,4.3158750295639035,4.569780025482178,6.180137515068054,-15.827459999335613,-37.7602859076672,False,30.132030154523832,-0.04005003280790079,False,24.97832562305764,4.112242646145637,12.04681851696752,10.411999702453613,3.8464999198913574,-63.05704927186157,0.0,-14.749560098706983,-23.483191608576547,-39.19538744864541,-58.72411397016685,49.51490773835216,-83.51633879281172,0.8200375427731281,False,-43.97455387145986,Francia,-23.072924417678617,,88.48304045213065,49.1,20.6,25.1,40.2,100.0,33.2,195.0,P/E forward basso | Ipervenduto | Lontano dai massimi | Upside analisti,2026-10-01T18:13:51.058049+00:00
STLAM.MI,STELLANTIS,Consumer Cyclical,Auto Manufacturers,EUR,Netherlands,14498545664.0,31909967872.0,,3.7324579,0.79,0.1986015,0.090130895,,0.198,-28.693999999999996,-1.281,-12.104999,2.238,6.554,-0.19499999999999998,84.387,1.037,0.684,52097998848.0,31950999552.0,-313000000.0,-3343500032.0,-5249999872.0,,0.0,7.3,13.100000000000001,,,0.985,-6.77,1.03109,19.378,5.56818,3.20833,22.0,2900941252.0,2444536165.0,0.25231,-27.175496020302226,,-13792000000.0,-5.096693860387457,0.5898615706721788,3.8485000133514404,4.316600048542023,4.570230031013489,6.18622249007225,-15.791984490154832,-37.789175550546794,False,29.922963225936982,-0.0399243307952562,False,25.096307535680186,4.159196352103785,12.220736950326925,10.413999557495117,3.8485000133514404,-63.04493780603615,0.0,-14.70523178702965,-23.35192026439249,-39.1445274301636,-56.34641538098401,49.65845518774793,-83.50633323785635,0.9878009264719559,False,-41.641183593954366,Italia,-23.06093389974924,,44.68442200032599,49.1,20.6,25.1,40.2,100.0,33.2,195.0,P/E forward basso | Ipervenduto | Lontano dai massimi | Upside analisti,2026-10-01T18:13:51.058049+00:00
CLNX.MC,"CELLNEX TELECOM, S.A.",Real Estate,Real Estate Services,EUR,Spain,14624537600.0,36517896192.0,,,,1.2610922,3.5031147,13.971,8.747,-2.4459999999999997,0.9570000000000001,-8.217,12.132,90.915,62.612,172.121,0.629,0.622,22191724544.0,1857356032.0,2613888000.0,1453926656.0,2455063040.0,3.34,16.5,0.41,15.5,,,1.295,-0.52,0.00471,17.58,34.81667,1.91667,24.0,659654371.0,513766522.0,0.00014,0.7270788570251717,6.8259573545268895,525822000.0,8.255230082450705,-4.497355777040513,22.170000076293945,24.670999908447264,25.862799835205077,27.062180004119874,-14.278422222038012,-18.07755298014113,False,22.644258718324778,-0.292759584897496,False,30.380882171203044,2.9928037513735566,-5.631588355071672,31.99386978149414,22.170000076293945,-30.70547505598247,0.0,-13.058823230219819,-12.628643594224954,-22.70995595980281,-22.779414000051023,27.69884972676214,-38.12277338999215,1.1064508673414288,False,-9.720590769831205,Spagna,9.94169317189215,,57.044068020680584,,,,,0.0,,,FCF yield elevato | Ipervenduto | Lontano dai massimi | Buyback in corso | Upside analisti | Debito elevato,2026-10-01T18:13:51.058049+00:00
INW.MI,INWIT,Real Estate,Real Estate Services,EUR,Italy,5735328768.0,11457139712.0,17.175676,17.837595,2.25,1.8891201,5.345174,15.002,10.678,9.862000499999999,3.7409999999999997,31.455,51.617999999999995,92.513,71.177,176.713,0.371,0.351,5551414784.0,97573000.0,763728000.0,498983136.0,806379008.0,8.61,148.60999999999999,4.48,-0.8,-12.6,-0.148,0.828,0.37,0.35627,3.364,7.79211,2.36842,19.0,902490748.0,291880669.0,0.70614,5.5424443393065586,5.2504252286568125,517572000.0,8.088376258184415,-3.1584010613354696,6.355000019073486,6.43525002002716,6.343200006484985,6.751897506713867,0.18602617884406758,-5.878310315666358,False,47.788511841308804,-0.02250783953772361,False,20.357643215941174,2.706877071622059,37.98689960721019,8.987354278564453,5.775272369384766,-29.28953480524673,18.048345779475266,3.8398715344573287,-1.9290123400010795,-4.7045723268173685,-29.218978536368777,33.710478981972635,-39.33137817220285,0.9984152139081438,True,-33.058850070826104,Italia,8.700166218614234,5.822187144191588,22.613846996274823,,,,,0.0,,,FCF yield elevato | Buyback in corso | Debito elevato,2026-10-01T18:13:51.058049+00:00
ML.PA,MICHELIN,,,EUR,,0.0,,3.2324219,9.511494,,0.39463955,,,,,,,,,,,,,,,,,,,,,,,,,,,83.874,33.52143,2.42857,14.0,713302016.0,,,9.166944998178154,0.6295180722891566,1790000000.0,-3.1257140637579894,-2.571888368560349,33.099998474121094,33.702000045776366,34.23919998168945,31.581472272872926,-3.3271849464286074,4.808281856297469,True,40.66177843737066,0.013876708356481249,True,13.994819300936358,1.7838553855810402,22.39514121284232,35.16999816894531,24.97406768798828,-5.8856974768113695,79.69778532042403,-3.862915536642475,-5.724870695780782,18.430996749447438,11.093213614573404,23.4259564030488,-29.18358437305836,0.9903746353086136,False,14.95612915121588,Francia,,30.93655565197105,1.2732070855181465,,,,,0.0,,,P/E forward basso | Bilancio solido | Buyback in corso,2026-10-01T18:13:51.058049+00:00
